optimizer,optimizer_parameters,epoch,time,train_loss,train_accuracy,test_loss,test_accuracy,test_precision,test_recall,test_f1,test_mcc,test_confusion_matrix,test_roc_auc,test_aupr
CoBAMSGrad2_FR,"{'period': 1875, 'lr': 0.001, 'betas': (0.9, 0.999), 'eps': 1e-08, 'weight_decay': 0.0, 'amsgrad': True, 'cg_type': 'FR', 'lam': 2.0, 'a': 1.00000001, 'm': 0.001}",1,8.904379844665527,0.2860165416389704,0.9148833333333334,0.18075211215377474,0.9471,0.9464496137333368,0.9467033900880301,0.9465458985736033,0.9412078725063677,"[[ 957    0    2    1    0    5    7    4    3    1]
 [   0 1114    4    1    0    2    4    3    7    0]
 [   6    3  968   17    3    0    7   19    9    0]
 [   1    1   10  936    0   35    1    8   10    8]
 [   0    1    6    0  926    1    9    7    5   27]
 [   5    0    0   12    2  837    9    4   21    2]
 [   7    3    3    0   10    8  919    0    8    0]
 [   1    8    8   12    4    0    0  968    1   26]
 [   8    2    6   11    3   12    7    4  913    8]
 [   5    4    0   10   29    8    0   13    7  933]]",0.9974806957809527,0.9846314521802171
CoBAMSGrad2_FR,"{'period': 1875, 'lr': 0.001, 'betas': (0.9, 0.999), 'eps': 1e-08, 'weight_decay': 0.0, 'amsgrad': True, 'cg_type': 'FR', 'lam': 2.0, 'a': 1.00000001, 'm': 0.001}",2,9.36702036857605,0.15757436910929778,0.9535333333333333,0.15942719568998312,0.9527,0.952497809730232,0.9523972911872665,0.9522923932775564,0.9474594226027283,"[[ 964    1    0    0    0    4    4    3    3    1]
 [   0 1118    3    0    0    0    4    1    9    0]
 [  13    5  954   10    5    1    3   21   18    2]
 [   1    1    7  945    0   30    0   10   10    6]
 [   2    2    8    0  932    0    8    5    5   20]
 [   4    0    0   11    1  847    5    1   15    8]
 [  15    3    1    2    7   11  912    0    7    0]
 [   1    8    7    4    2    0    0  980    6   20]
 [   8    0    1    7    4    5    3    9  927   10]
 [   4    5    1    6   19    4    0    9   13  948]]",0.998179940026839,0.98854295840111
CoBAMSGrad2_FR,"{'period': 1875, 'lr': 0.001, 'betas': (0.9, 0.999), 'eps': 1e-08, 'weight_decay': 0.0, 'amsgrad': True, 'cg_type': 'FR', 'lam': 2.0, 'a': 1.00000001, 'm': 0.001}",3,9.422802209854126,0.12893784665881344,0.9612666666666667,0.14137004429776484,0.9586,0.9582002968476019,0.9582450531761897,0.958163093386202,0.9539958416056442,"[[ 965    0    1    0    0    0    7    2    4    1]
 [   0 1116    3    3    0    2    2    2    7    0]
 [   5    2  984   18    1    0    2   12    7    1]
 [   0    1    5  963    0   19    0    8   12    2]
 [   1    2    2    1  922    0   10    7    7   30]
 [   6    0    1   10    0  849   12    2    9    3]
 [   7    2    3    1    4    9  928    0    4    0]
 [   1    2    7   11    3    0    0  990    5    9]
 [   8    1    6    9    5    8    3    5  921    8]
 [   6    4    0    8   14    9    0    9   11  948]]",0.9984402563090298,0.9902050860254359
CoBAMSGrad2_FR,"{'period': 1875, 'lr': 0.001, 'betas': (0.9, 0.999), 'eps': 1e-08, 'weight_decay': 0.0, 'amsgrad': True, 'cg_type': 'FR', 'lam': 2.0, 'a': 1.00000001, 'm': 0.001}",4,9.56661057472229,0.11067356111385548,0.9672666666666667,0.13211713608997033,0.9617,0.9618918458407913,0.961373318385897,0.9614447139705726,0.9574688870815806,"[[ 967    0    0    1    0    0    5    2    4    1]
 [   0 1113    2    2    0    1    3    2   12    0]
 [   5    0  982   17    3    0    1    9   14    1]
 [   1    0    5  981    0    8    0    6    8    1]
 [   2    0    3    0  948    0    7    7    2   13]
 [   5    0    0   23    3  835    6    2   14    4]
 [   8    2    1    0    6    7  930    0    4    0]
 [   1    6   11   12    4    0    0  970    5   19]
 [   4    0    5   11    1    2    2    2  943    4]
 [   3    5    1   12   17    4    0    3   16  948]]",0.9987614250901782,0.9918546224360112
CoBAMSGrad2_FR,"{'period': 1875, 'lr': 0.001, 'betas': (0.9, 0.999), 'eps': 1e-08, 'weight_decay': 0.0, 'amsgrad': True, 'cg_type': 'FR', 'lam': 2.0, 'a': 1.00000001, 'm': 0.001}",5,9.45143747329712,0.10122670580704386,0.97005,0.12328144532642119,0.9639,0.9637279852004734,0.9634716953937816,0.9635480612403423,0.9598836885695166,"[[ 970    0    1    0    1    1    2    1    3    1]
 [   0 1119    3    2    0    2    3    0    6    0]
 [   3    1 1006    7    1    0    1    8    5    0]
 [   1    0   10  966    1    9    0    2   11   10]
 [   3    1    2    0  940    0    3    6    2   25]
 [   4    0    0   18    0  843    9    1    8    9]
 [   9    2    1    1    6    5  929    0    5    0]
 [   4    9   16    5    2    0    0  976    3   13]
 [   6    0    7    6    5    8    1    3  932    6]
 [   4    4    1    3   15    8    1    7    8  958]]",0.9988443242965804,0.9926365218614907
CoBAMSGrad2_FR,"{'period': 1875, 'lr': 0.001, 'betas': (0.9, 0.999), 'eps': 1e-08, 'weight_decay': 0.0, 'amsgrad': True, 'cg_type': 'FR', 'lam': 2.0, 'a': 1.00000001, 'm': 0.001}",6,9.441768407821655,0.08772707256420205,0.9732,0.13319789440392577,0.9628,0.9623580246386346,0.9626944657145435,0.9624450442686735,0.958671021660549,"[[ 963    0    0    2    0    4    4    3    4    0]
 [   0 1109    3    1    0    3    4    4   11    0]
 [   3    1  989    9    5    1    1   10   13    0]
 [   0    0    6  959    0   20    0   10   11    4]
 [   3    0    3    0  949    0    3    3    3   18]
 [   3    0    0    8    1  859    6    4    7    4]
 [   6    3    1    0    6    7  927    0    7    1]
 [   1    2    8    3    4    1    0  998    3    8]
 [   2    0    3    9    5    9    4    5  933    4]
 [   3    3    2    9   18   13    0    9   10  942]]",0.9986846167917147,0.9916011703669142
CoBAMSGrad2_FR,"{'period': 1875, 'lr': 0.001, 'betas': (0.9, 0.999), 'eps': 1e-08, 'weight_decay': 0.0, 'amsgrad': True, 'cg_type': 'FR', 'lam': 2.0, 'a': 1.00000001, 'm': 0.001}",7,9.509448528289795,0.08260249579412242,0.97495,0.11993047515251254,0.9659,0.9655490461095484,0.965794971062351,0.9655791314067518,0.9621181797057281,"[[ 962    1    3    0    0    4    5    2    2    1]
 [   1 1116    2    1    0    3    1    2    9    0]
 [  14    0  987    9    3    0    1    9    8    1]
 [   1    0    4  957    0   21    0    6   12    9]
 [   3    0    4    0  956    0    5    3    2    9]
 [   2    0    0    8    1  863    5    1    5    7]
 [   8    4    3    0    8    7  923    0    5    0]
 [   2    6    7    1    2    0    0  996    5    9]
 [   5    0    4    2    5    5    0    2  947    4]
 [   3    2    1    3   27    7    0    7    7  952]]",0.9988933111591074,0.9932447608864596
CoBAMSGrad2_FR,"{'period': 1875, 'lr': 0.001, 'betas': (0.9, 0.999), 'eps': 1e-08, 'weight_decay': 0.0, 'amsgrad': True, 'cg_type': 'FR', 'lam': 2.0, 'a': 1.00000001, 'm': 0.001}",8,9.489846467971802,0.07394466307532663,0.9770166666666666,0.11801827213628004,0.9686,0.9683900575914054,0.9683319964106575,0.9683178051603358,0.9651074295032304,"[[ 964    1    2    1    0    2    3    3    2    2]
 [   0 1128    0    2    0    1    1    0    3    0]
 [   1    1 1001    8    3    2    0    6   10    0]
 [   1    0    2  978    0   14    0    4    7    4]
 [   1    2    3    0  953    1    7    3    2   10]
 [   2    0    0    9    2  863    6    1    7    2]
 [   4    3    0    0    5    7  934    0    4    1]
 [   4   13    7    8    4    0    0  983    2    7]
 [   4    4    3    4    5    7    2    3  932   10]
 [   2    7    0    7   20    8    1    9    5  950]]",0.998961494557746,0.9936449497097433
CoBAMSGrad2_FR,"{'period': 1875, 'lr': 0.001, 'betas': (0.9, 0.999), 'eps': 1e-08, 'weight_decay': 0.0, 'amsgrad': True, 'cg_type': 'FR', 'lam': 2.0, 'a': 1.00000001, 'm': 0.001}",9,9.364382982254028,0.07159989703240184,0.9779166666666667,0.11884340500012894,0.968,0.96813691562911,0.9674137278282524,0.9676743861897534,0.9644502219202367,"[[ 964    1    0    1    0    2    5    7    0    0]
 [   0 1122    3    3    0    1    1    0    5    0]
 [   2    1 1004   10    1    0    3    9    2    0]
 [   0    1    5  989    0    3    0    3    8    1]
 [   1    2    6    0  943    0    5    5    2   18]
 [   4    0    0   19    1  841    9    3   11    4]
 [   4    4    0    0    4    7  934    0    5    0]
 [   1    2    7    2    0    1    0 1003    5    7]
 [   2    0   11   18    4    4    3    6  923    3]
 [   2    7    2   12    8    3    0   10    8  957]]",0.9989913920640134,0.9937911938993527
CoBAMSGrad2_FR,"{'period': 1875, 'lr': 0.001, 'betas': (0.9, 0.999), 'eps': 1e-08, 'weight_decay': 0.0, 'amsgrad': True, 'cg_type': 'FR', 'lam': 2.0, 'a': 1.00000001, 'm': 0.001}",10,9.403197050094604,0.06827614325707934,0.9784,0.13697016952549496,0.9655,0.9655793097494723,0.9651632103772281,0.9652116205476856,0.9616861906877813,"[[ 962    1    1    1    1    3    4    5    1    1]
 [   0 1120    4    2    0    2    2    3    2    0]
 [   2    1 1007    5    4    0    0   10    3    0]
 [   0    1    7  973    0    7    0   10    6    6]
 [   2    1    2    0  955    0    5    5    2   10]
 [   2    0    0    9    1  861    6    2    6    5]
 [   6    2    1    1    9    4  932    0    3    0]
 [   1    2   11    0    0    0    0 1006    1    7]
 [   3    1   18   13    7    8    5    7  906    6]
 [   6    3    1    6   43    2    0   14    1  933]]",0.9985743332767264,0.9917915857507316
CoBAMSGrad2_FR,"{'period': 1875, 'lr': 0.001, 'betas': (0.9, 0.999), 'eps': 1e-08, 'weight_decay': 0.0, 'amsgrad': True, 'cg_type': 'FR', 'lam': 2.0, 'a': 1.00000001, 'm': 0.001}",11,9.459880352020264,0.060368032810705095,0.98065,0.11690049415255563,0.972,0.9717720313550148,0.9717416452825537,0.971743280437259,0.9688795941657585,"[[ 966    0    0    2    0    3    2    2    3    2]
 [   0 1122    4    0    0    2    4    1    2    0]
 [   5    1 1003    6    4    1    0    9    3    0]
 [   1    1    7  978    0    8    0    5    6    4]
 [   0    1    3    0  962    0    4    1    1   10]
 [   3    0    0   10    1  860    5    2    6    5]
 [   6    2    0    1    6    7  933    0    3    0]
 [   2    8    9    1    4    0    0  995    3    6]
 [   6    0    4   10    2    6    4    3  936    3]
 [   2    4    1    5   14    5    0    9    4  965]]",0.9989926018659426,0.9935896234853663
CoBAMSGrad2_FR,"{'period': 1875, 'lr': 0.001, 'betas': (0.9, 0.999), 'eps': 1e-08, 'weight_decay': 0.0, 'amsgrad': True, 'cg_type': 'FR', 'lam': 2.0, 'a': 1.00000001, 'm': 0.001}",12,9.52873182296753,0.061463581004703886,0.981,0.11690122308072388,0.9684,0.9682569099798044,0.9679846390858495,0.9680677770035852,0.964886598238579,"[[ 966    0    0    2    1    2    2    3    3    1]
 [   0 1120    1    1    0    2    3    0    8    0]
 [   5    3  991    5    4    2    2   12    7    1]
 [   0    0    5  983    1    7    0    5    4    5]
 [   1    1    2    0  941    0    7    1    1   28]
 [   3    0    0   11    1  853    9    2    7    6]
 [  14    2    2    0    7    7  925    0    1    0]
 [   1    7    4    1    1    0    0 1003    2    9]
 [   2    1    1    6    5   10    1    7  927   14]
 [   3    4    0    5   15    1    0    4    2  975]]",0.9989749407586958,0.9934418094971587
CoBAMSGrad2_FR,"{'period': 1875, 'lr': 0.001, 'betas': (0.9, 0.999), 'eps': 1e-08, 'weight_decay': 0.0, 'amsgrad': True, 'cg_type': 'FR', 'lam': 2.0, 'a': 1.00000001, 'm': 0.001}",13,9.60437560081482,0.05661225917203895,0.9824666666666667,0.11607058320512766,0.9724,0.9721275219164978,0.9719177717432659,0.9719709823746946,0.9693320210080265,"[[ 967    1    1    0    1    2    4    2    2    0]
 [   0 1127    2    1    0    0    2    0    3    0]
 [   4    0 1000    4    3    1    2    9    9    0]
 [   1    0    4  981    0   11    0    2    9    2]
 [   1    0    1    0  958    0    5    3    3   11]
 [   6    0    0   10    1  847    9    1   15    3]
 [   5    3    0    1    8    5  930    0    6    0]
 [   1    2    6    4    3    0    0  999    5    8]
 [   5    0    2    3    5    1    4    4  944    6]
 [   1    3    0    3   12    4    0    5   10  971]]",0.9989680093326004,0.9936000870273187
CoBAMSGrad2_FR,"{'period': 1875, 'lr': 0.001, 'betas': (0.9, 0.999), 'eps': 1e-08, 'weight_decay': 0.0, 'amsgrad': True, 'cg_type': 'FR', 'lam': 2.0, 'a': 1.00000001, 'm': 0.001}",14,9.56947636604309,0.05356860341143232,0.9830666666666666,0.11933901036305838,0.97,0.9699876749515122,0.9695762402936643,0.9697371661641684,0.9666616436898076,"[[ 967    1    0    0    1    1    5    2    2    1]
 [   0 1125    2    1    0    1    3    0    2    1]
 [   4    4 1004    3    1    1    3    6    5    1]
 [   0    1    5  982    1    4    0    3    7    7]
 [   1    1    6    0  957    0    2    1    2   12]
 [   1    0    1   10    2  850   10    1   12    5]
 [   6    3    3    1    4    4  935    0    2    0]
 [   1    5   14    1    2    0    0  989    2   14]
 [   3    1    7    8    9    5    1    2  928   10]
 [   2    3    0   11   22    2    1    2    3  963]]",0.9989926909508824,0.9937479479286742
CoBAMSGrad2_FR,"{'period': 1875, 'lr': 0.001, 'betas': (0.9, 0.999), 'eps': 1e-08, 'weight_decay': 0.0, 'amsgrad': True, 'cg_type': 'FR', 'lam': 2.0, 'a': 1.00000001, 'm': 0.001}",15,9.414052963256836,0.05338962701273073,0.9828833333333333,0.11645657997055583,0.97,0.969868973355687,0.9696063199702596,0.9696957685014279,0.9666620110271327,"[[ 968    0    1    0    2    1    2    0    2    4]
 [   0 1117    6    1    2    1    2    0    5    1]
 [   2    2 1004   10    0    0    1    8    5    0]
 [   0    0    2  990    0    3    0    7    3    5]
 [   0    0    6    0  956    0    2    2    0   16]
 [   7    0    0   17    2  849    6    2    4    5]
 [   3    3    0    0    9   12  928    0    3    0]
 [   2    4   10    1    4    0    0  995    1   11]
 [   5    0    4    8    5    6    3    7  929    7]
 [   2    4    0    9   15    6    1    4    4  964]]",0.9990956709542009,0.9941410241369866
CoBAMSGrad2_FR,"{'period': 1875, 'lr': 0.001, 'betas': (0.9, 0.999), 'eps': 1e-08, 'weight_decay': 0.0, 'amsgrad': True, 'cg_type': 'FR', 'lam': 2.0, 'a': 1.00000001, 'm': 0.001}",16,9.493940353393555,0.050425142404349754,0.98395,0.10696567431771367,0.9723,0.9719689082594369,0.9719173521474861,0.9719290870727356,0.9692134114518495,"[[ 960    0    0    1    1    3    8    2    3    2]
 [   1 1125    3    2    0    0    1    0    3    0]
 [   6    1  996    8    1    0    3    8    9    0]
 [   0    0    6  982    0   11    0    6    3    2]
 [   1    1    2    0  959    0    4    4    0   11]
 [   3    0    0   19    1  852    5    1    6    5]
 [   4    2    1    0    4    8  937    0    2    0]
 [   0    4    7    3    2    1    0 1002    1    8]
 [   1    1    4    4    4    9    1    5  941    4]
 [   1    2    0    9   12    6    0    5    5  969]]",0.9992448819725765,0.9949961373021038
CoBAMSGrad2_FR,"{'period': 1875, 'lr': 0.001, 'betas': (0.9, 0.999), 'eps': 1e-08, 'weight_decay': 0.0, 'amsgrad': True, 'cg_type': 'FR', 'lam': 2.0, 'a': 1.00000001, 'm': 0.001}",17,9.382965326309204,0.048013295933540215,0.9846833333333334,0.11117104473759538,0.9702,0.9698611324759323,0.9701737682647178,0.9699440525198849,0.9668925776951026,"[[ 963    1    2    0    0    4    6    2    2    0]
 [   0 1117    3    1    0    3    3    2    6    0]
 [   2    1 1010   10    1    0    2    4    2    0]
 [   0    0    5  958    0   25    1    7    6    8]
 [   0    0    7    0  950    0    4    3    1   17]
 [   4    0    0    3    0  874    3    3    3    2]
 [   5    3    0    0    3    7  935    0    5    0]
 [   3    6   15    0    2    2    0  988    4    8]
 [   4    0    5    1    4    8    3    4  939    6]
 [   1    3    0    6   12    6    1    5    7  968]]",0.9991768154366344,0.9948784592301634
CoBAMSGrad2_FR,"{'period': 1875, 'lr': 0.001, 'betas': (0.9, 0.999), 'eps': 1e-08, 'weight_decay': 0.0, 'amsgrad': True, 'cg_type': 'FR', 'lam': 2.0, 'a': 1.00000001, 'm': 0.001}",18,9.47147512435913,0.04632308141366035,0.9852833333333333,0.11584846852072794,0.9718,0.9715879412275591,0.9716166292803061,0.9715629526557633,0.9686636986194591,"[[ 967    1    0    0    1    2    1    2    3    3]
 [   0 1117    2    1    0    1    3    0   11    0]
 [   1    1 1001    4    2    0    1   10   11    1]
 [   2    0    2  977    0   10    0    7    7    5]
 [   2    1    4    0  950    0    6    3    2   14]
 [   2    0    0    6    0  864    5    0    9    6]
 [   9    2    1    0    6   10  927    0    3    0]
 [   0    3    4    4    4    1    0  996    4   12]
 [   8    1    3    1    2    6    2    4  943    4]
 [   5    4    0    3   10    1    0    6    4  976]]",0.999115467858237,0.9946794918641743
CoBAMSGrad2_FR,"{'period': 1875, 'lr': 0.001, 'betas': (0.9, 0.999), 'eps': 1e-08, 'weight_decay': 0.0, 'amsgrad': True, 'cg_type': 'FR', 'lam': 2.0, 'a': 1.00000001, 'm': 0.001}",19,9.518956422805786,0.04899319675626466,0.9843833333333334,0.11063033985490434,0.9719,0.9717248595915917,0.971682493706496,0.9716438438642117,0.9687788829129257,"[[ 960    0    2    2    1    3    8    0    1    3]
 [   0 1125    2    2    0    1    2    0    3    0]
 [   4    0 1003    5    2    0    2    6    9    1]
 [   0    1    7  979    0    8    0    4    7    4]
 [   2    2    3    0  965    0    4    0    1    5]
 [   2    0    0   10    1  862    8    0    6    3]
 [   3    3    0    0    3    8  939    0    1    1]
 [   1    6   11    4    3    1    0  997    1    4]
 [   4    1    5    6    3    2    1    4  944    4]
 [   2    5    0    7   31    5    0    9    5  945]]",0.9991293651270776,0.9947878716561753
CoBAMSGrad2_FR,"{'period': 1875, 'lr': 0.001, 'betas': (0.9, 0.999), 'eps': 1e-08, 'weight_decay': 0.0, 'amsgrad': True, 'cg_type': 'FR', 'lam': 2.0, 'a': 1.00000001, 'm': 0.001}",20,9.357034683227539,0.04505823157660197,0.9855833333333334,0.10333476025725788,0.9731,0.9728589847334232,0.9729220053475555,0.9728656198831898,0.9701049765449161,"[[ 969    1    1    0    0    0    5    2    1    1]
 [   0 1123    2    1    1    0    2    1    5    0]
 [   5    0 1005    5    0    0    2    7    7    1]
 [   0    0    3  979    0   12    0    6    7    3]
 [   1    0    2    0  946    0    6    3    2   22]
 [   2    0    0    5    1  873    3    2    4    2]
 [   6    3    0    0    7    8  927    1    6    0]
 [   2    2    9    0    1    1    0 1003    2    8]
 [   4    1    3    6    2    8    2    4  941    3]
 [   2    6    2    6    7    2    1    8   10  965]]",0.9992946884050337,0.9951957870268926
CoBAMSGrad2_FR,"{'period': 1875, 'lr': 0.001, 'betas': (0.9, 0.999), 'eps': 1e-08, 'weight_decay': 0.0, 'amsgrad': True, 'cg_type': 'FR', 'lam': 2.0, 'a': 1.00000001, 'm': 0.001}",21,9.47471284866333,0.04235691466325418,0.9866666666666667,0.11796009581526966,0.97,0.9698112965311104,0.9694982818552399,0.9696215798814254,0.9666595953705553,"[[ 967    1    0    0    1    2    2    3    3    1]
 [   0 1124    0    0    0    0    1    0   10    0]
 [   4    1 1005    1    1    0    3    8    9    0]
 [   0    1    6  982    0    4    0    5    8    4]
 [   2    1    4    0  950    1    3    3    2   16]
 [   3    1    0   19    0  847    5    3    6    8]
 [   4    3    0    1    6   12  927    0    5    0]
 [   1    3    6    2    2    0    0 1003    4    7]
 [   4    1    4    9    4    3    0    4  939    6]
 [   1    5    2    5   20    6    2    3    9  956]]",0.9991726155543359,0.9945139259268145
CoBAMSGrad2_FR,"{'period': 1875, 'lr': 0.001, 'betas': (0.9, 0.999), 'eps': 1e-08, 'weight_decay': 0.0, 'amsgrad': True, 'cg_type': 'FR', 'lam': 2.0, 'a': 1.00000001, 'm': 0.001}",22,9.622829675674438,0.04202323393871751,0.9867166666666667,0.10810896768990945,0.9729,0.9728598542586976,0.9727449879358392,0.9727779395553293,0.9698825680949203,"[[ 967    0    2    0    1    3    2    2    3    0]
 [   0 1115    1    3    0    2    1    1   11    1]
 [   2    1 1008    6    1    0    0    7    7    0]
 [   0    1    5  981    0    9    0    5    4    5]
 [   0    1    2    0  952    0    4    4    1   18]
 [   3    0    0    8    1  864    2    1    9    4]
 [   7    3    1    1    3    7  933    0    3    0]
 [   2    6   12    3    0    0    0  991    2   12]
 [   2    0    3    6    3    3    2    4  939   12]
 [   2    3    2    4    9    3    0    5    2  979]]",0.9993482063640325,0.9953087694860576
CoBAMSGrad2_FR,"{'period': 1875, 'lr': 0.001, 'betas': (0.9, 0.999), 'eps': 1e-08, 'weight_decay': 0.0, 'amsgrad': True, 'cg_type': 'FR', 'lam': 2.0, 'a': 1.00000001, 'm': 0.001}",23,9.468491077423096,0.04080958560146197,0.9868,0.11197506754442278,0.9735,0.973306602476262,0.9731898365553583,0.9732359915855252,0.9705464646303029,"[[ 960    1    1    1    0    2    6    5    4    0]
 [   0 1127    0    1    0    1    1    1    4    0]
 [   4    2 1002    7    2    0    3    6    6    0]
 [   0    0    4  977    0   13    0    6    5    5]
 [   0    2    4    0  953    1    5    3    3   11]
 [   1    0    0    9    1  860    7    5    6    3]
 [   5    3    1    1    3    4  938    0    3    0]
 [   0    3   10    5    2    0    0 1000    1    7]
 [   2    1    3    7    3    4    1    3  947    3]
 [   2    2    0    6   12    2    1    5    8  971]]",0.9992136530101764,0.9948307063383105
CoBAMSGrad2_FR,"{'period': 1875, 'lr': 0.001, 'betas': (0.9, 0.999), 'eps': 1e-08, 'weight_decay': 0.0, 'amsgrad': True, 'cg_type': 'FR', 'lam': 2.0, 'a': 1.00000001, 'm': 0.001}",24,9.511200904846191,0.03834268220169543,0.9879666666666667,0.11128544787604919,0.9741,0.9738246833990243,0.9739063477250836,0.973842820200311,0.9712162931559931,"[[ 960    0    2    0    1    2    5    2    4    4]
 [   1 1123    3    2    0    2    1    1    2    0]
 [   5    1 1004    5    1    0    1    7    7    1]
 [   0    0    3  993    0    5    0    2    3    4]
 [   0    1    2    0  955    1    7    1    1   14]
 [   2    0    0   11    1  869    2    1    3    3]
 [   6    3    0    0    2   12  934    0    1    0]
 [   1    5   13    5    0    1    0  994    4    5]
 [   1    0    3    6    4    9    4    1  939    7]
 [   2    3    0    8   10    5    2    5    4  970]]",0.9991935110259436,0.99524106314134
CoBAMSGrad2_FR,"{'period': 1875, 'lr': 0.001, 'betas': (0.9, 0.999), 'eps': 1e-08, 'weight_decay': 0.0, 'amsgrad': True, 'cg_type': 'FR', 'lam': 2.0, 'a': 1.00000001, 'm': 0.001}",25,9.552115678787231,0.037976278732201656,0.9879666666666667,0.12263638398807827,0.9721,0.9717753196577952,0.971755467022159,0.9716978995912415,0.9690021918225699,"[[ 968    1    1    2    0    4    2    1    1    0]
 [   0 1127    3    0    0    0    1    1    3    0]
 [   3    0 1011    6    3    0    1    5    3    0]
 [   0    1   10  969    0   15    0    3    4    8]
 [   1    1    4    0  957    0    4    5    2    8]
 [   1    0    0    7    2  867    4    2    5    4]
 [   5    2    0    0    4   15  930    1    1    0]
 [   1    6    6    0    1    0    0 1010    0    4]
 [   5    1    7    4    8   12    4    6  921    6]
 [   2    3    1    5   15    3    2   11    6  961]]",0.9991310388363324,0.9946102838436707
CoBAMSGrad2_FR,"{'period': 1875, 'lr': 0.001, 'betas': (0.9, 0.999), 'eps': 1e-08, 'weight_decay': 0.0, 'amsgrad': True, 'cg_type': 'FR', 'lam': 2.0, 'a': 1.00000001, 'm': 0.001}",26,9.591206789016724,0.037881852103925,0.9882,0.11364650662723759,0.9745,0.9744519234149728,0.9742226043886326,0.9742964601040869,0.9716634440854762,"[[ 965    1    1    1    1    0    1    3    4    3]
 [   0 1121    2    1    1    0    4    3    3    0]
 [   3    1 1000    5    3    0    4    8    7    1]
 [   1    0    3  986    0    5    0    6    6    3]
 [   1    2    1    0  948    0    7    2    5   16]
 [   3    0    0    9    1  857    7    1   10    4]
 [   4    2    0    0    2    4  943    0    2    1]
 [   2    2    7    3    2    0    0 1005    3    4]
 [   5    0    6    4    4    1    3    1  945    5]
 [   1    3    0    6    7    2    2    4    9  975]]",0.9991650591660216,0.9947229065017368
CoBAMSGrad2_FR,"{'period': 1875, 'lr': 0.001, 'betas': (0.9, 0.999), 'eps': 1e-08, 'weight_decay': 0.0, 'amsgrad': True, 'cg_type': 'FR', 'lam': 2.0, 'a': 1.00000001, 'm': 0.001}",27,9.60601019859314,0.03347025698840201,0.98905,0.10710696793197562,0.9752,0.9750423593130243,0.9748863185871899,0.9749524910189677,0.9724358476604285,"[[ 971    0    1    0    0    0    2    2    4    0]
 [   1 1124    3    2    0    1    2    0    2    0]
 [   4    2 1014    2    1    0    2    5    2    0]
 [   0    0    4  979    0    9    0    4    6    8]
 [   1    1    3    0  951    0    3    3    1   19]
 [   2    1    0    9    1  863    7    0    3    6]
 [   5    2    2    1    6    7  933    0    2    0]
 [   1    4    7    1    2    0    0 1005    1    7]
 [   4    2    4    4    3    5    2    4  940    6]
 [   2    3    1    4    9    3    1    5    9  972]]",0.999304196879535,0.9954189496859364
CoBAMSGrad2_FR,"{'period': 1875, 'lr': 0.001, 'betas': (0.9, 0.999), 'eps': 1e-08, 'weight_decay': 0.0, 'amsgrad': True, 'cg_type': 'FR', 'lam': 2.0, 'a': 1.00000001, 'm': 0.001}",28,9.583755731582642,0.0358055745971651,0.9886333333333334,0.11749731223745746,0.9749,0.974863689300391,0.9746602033151696,0.9747251159712038,0.9721076419609602,"[[ 968    0    2    1    0    0    3    2    4    0]
 [   0 1118    2    1    0    1    1    2    9    1]
 [   2    2 1007    6    1    0    2    6    6    0]
 [   1    1    6  983    0    4    0    5    4    6]
 [   0    0    3    0  958    0    5    3    1   12]
 [   1    0    1   11    1  856    5    2   11    4]
 [   4    2    0    0    3    8  938    0    3    0]
 [   1    1   10    2    1    0    0 1006    2    5]
 [   1    1    6    3    1    1    1    3  953    4]
 [   2    5    0    5   14    4    1    8    8  962]]",0.9991052921913557,0.9944637474287743
CoBAMSGrad2_FR,"{'period': 1875, 'lr': 0.001, 'betas': (0.9, 0.999), 'eps': 1e-08, 'weight_decay': 0.0, 'amsgrad': True, 'cg_type': 'FR', 'lam': 2.0, 'a': 1.00000001, 'm': 0.001}",29,9.675494194030762,0.03403072648216184,0.9893166666666666,0.11198097768023378,0.9752,0.9749958176182758,0.9750142348126261,0.9749881666770343,0.9724374131905457,"[[ 969    1    0    2    0    2    1    2    2    1]
 [   2 1122    2    3    0    2    1    0    3    0]
 [   1    2 1006    3    1    1    2    6    9    1]
 [   1    0    5  978    0   12    0    3    5    6]
 [   0    2    5    0  958    0    6    1    0   10]
 [   4    0    0   11    0  866    3    0    5    3]
 [   7    2    1    0    3   10  932    0    3    0]
 [   0    8    6    0    4    0    0 1000    5    5]
 [   3    2    2    2    3    3    1    3  949    6]
 [   4    4    1    4   11    5    0    5    3  972]]",0.999225903135069,0.9952143917129337
CoBAMSGrad2_FR,"{'period': 1875, 'lr': 0.001, 'betas': (0.9, 0.999), 'eps': 1e-08, 'weight_decay': 0.0, 'amsgrad': True, 'cg_type': 'FR', 'lam': 2.0, 'a': 1.00000001, 'm': 0.001}",30,9.517868518829346,0.03189521439914994,0.9893666666666666,0.11608686197707128,0.9747,0.9745121717722748,0.974431440122312,0.9744628507018506,0.971879759809343,"[[ 968    1    3    0    0    1    1    1    2    3]
 [   0 1119    3    1    0    2    3    1    6    0]
 [   1    1 1016    4    0    1    0    5    3    1]
 [   1    0    4  983    0    8    0    6    3    5]
 [   0    0    4    0  958    0    7    0    0   13]
 [   3    0    0   12    0  859    5    1    6    6]
 [   5    1    1    0    3    6  938    0    4    0]
 [   1    6    7    3    2    0    0  996    3   10]
 [   1    1    3    6    6    7    4    4  937    5]
 [   2    3    2    4   15    1    0    4    5  973]]",0.9991957216032326,0.9949062930975738
CoBAMSGrad2_FR,"{'period': 1875, 'lr': 0.001, 'betas': (0.9, 0.999), 'eps': 1e-08, 'weight_decay': 0.0, 'amsgrad': True, 'cg_type': 'FR', 'lam': 2.0, 'a': 1.00000001, 'm': 0.001}",31,9.438007354736328,0.032948948137690365,0.98935,0.11593098877346349,0.9736,0.9732433047028465,0.973335031585312,0.9732674624431862,0.9706605318051832,"[[ 960    0    0    0    1    2    7    5    3    2]
 [   0 1128    2    0    0    1    1    0    3    0]
 [   5    0  997    6    1    0    3    8   10    2]
 [   0    0    1  981    0   13    0    6    6    3]
 [   0    0    4    0  960    0    3    3    0   12]
 [   2    1    0    7    1  865    5    1    4    6]
 [   3    2    1    0    6    6  937    0    3    0]
 [   1    2    8    1    0    1    0 1006    3    6]
 [   4    0    3    2    4    6    4    6  941    4]
 [   0    3    0    7   18    6    1    9    4  961]]",0.9993281757835047,0.9952901287570068
CoBAMSGrad2_FR,"{'period': 1875, 'lr': 0.001, 'betas': (0.9, 0.999), 'eps': 1e-08, 'weight_decay': 0.0, 'amsgrad': True, 'cg_type': 'FR', 'lam': 2.0, 'a': 1.00000001, 'm': 0.001}",32,9.380410432815552,0.03343920601287294,0.9895,0.12793972696443034,0.9728,0.9723998701918491,0.9726525962280498,0.9724996384318721,0.9697721980828485,"[[ 966    0    0    0    0    4    3    4    3    0]
 [   0 1123    3    1    0    2    1    1    4    0]
 [   2    1  999   11    1    1    3    7    7    0]
 [   1    0    5  978    0   13    0    3    5    5]
 [   3    0    1    0  959    0    5    2    0   12]
 [   3    0    0    3    1  871    7    2    3    2]
 [   5    2    0    0    2   11  934    1    2    1]
 [   1    6    9    3    1    0    0 1000    0    8]
 [   4    1    4    7    5    7    5    3  933    5]
 [   2    3    0    5   15    6    2    6    5  965]]",0.9990925496067936,0.9943675590307224
CoBAMSGrad2_FR,"{'period': 1875, 'lr': 0.001, 'betas': (0.9, 0.999), 'eps': 1e-08, 'weight_decay': 0.0, 'amsgrad': True, 'cg_type': 'FR', 'lam': 2.0, 'a': 1.00000001, 'm': 0.001}",33,9.552543640136719,0.031227742532973328,0.9898166666666667,0.11176351576165788,0.9757,0.9754300100472892,0.9754001315594485,0.9754049062667741,0.9729916774352083,"[[ 968    1    1    0    1    2    5    1    1    0]
 [   0 1129    1    1    0    1    2    0    1    0]
 [   0    3 1005    3    3    1    3    8    5    1]
 [   2    0    2  978    0   10    0    9    6    3]
 [   1    0    3    0  957    0    4    2    1   14]
 [   3    0    0    8    1  866    8    0    5    1]
 [   6    2    0    0    5    6  937    0    2    0]
 [   2    3    6    1    0    0    0 1007    2    7]
 [   1    2    2   12    3    7    3    4  937    3]
 [   1    3    1    5   11    2    1    6    6  973]]",0.9992334677267815,0.9951930475569035
CoBAMSGrad2_FR,"{'period': 1875, 'lr': 0.001, 'betas': (0.9, 0.999), 'eps': 1e-08, 'weight_decay': 0.0, 'amsgrad': True, 'cg_type': 'FR', 'lam': 2.0, 'a': 1.00000001, 'm': 0.001}",34,9.600323677062988,0.03315181622368788,0.9899833333333333,0.12461687546948697,0.9736,0.9734401977343617,0.9733907354324736,0.973409024048304,0.9706565110513782,"[[ 967    1    0    0    0    1    3    1    3    4]
 [   0 1122    4    1    0    1    1    0    6    0]
 [   3    3 1005    6    1    1    1    8    4    0]
 [   0    0    5  981    0    6    0    7    7    4]
 [   1    0    0    0  952    0    9    4    2   14]
 [   3    0    0    5    1  867    3    1    7    5]
 [   8    2    1    0    5    6  935    0    1    0]
 [   2    6    7    1    4    2    0 1000    1    5]
 [   5    1    6    4    2    5    2    3  936   10]
 [   1    3    0    4   14    3    0    9    4  971]]",0.9990997063052133,0.9948188544791774
CoBAMSGrad2_FR,"{'period': 1875, 'lr': 0.001, 'betas': (0.9, 0.999), 'eps': 1e-08, 'weight_decay': 0.0, 'amsgrad': True, 'cg_type': 'FR', 'lam': 2.0, 'a': 1.00000001, 'm': 0.001}",35,9.374572038650513,0.029925350624328953,0.9903666666666666,0.12739494487440492,0.9738,0.973566852100447,0.9736730120728181,0.9735929181036672,0.9708840068435568,"[[ 972    0    0    0    0    1    3    1    2    1]
 [   1 1122    2    4    0    1    2    0    2    1]
 [   2    1  995    7    1    1    4    8   13    0]
 [   0    0    2  992    1    4    0    5    2    4]
 [   1    1    2    0  956    0    9    3    3    7]
 [   3    0    0    7    0  867    8    0    3    4]
 [   3    4    0    1    4    5  939    0    2    0]
 [   2    5   11    3    3    1    0  993    3    7]
 [   3    0    3    7    3   11    3    3  937    4]
 [   4    3    1    7   12    2    1    9    5  965]]",0.9991188319743441,0.9946390115016644
CoBAMSGrad2_FR,"{'period': 1875, 'lr': 0.001, 'betas': (0.9, 0.999), 'eps': 1e-08, 'weight_decay': 0.0, 'amsgrad': True, 'cg_type': 'FR', 'lam': 2.0, 'a': 1.00000001, 'm': 0.001}",36,9.424540281295776,0.031334472317301215,0.9902666666666666,0.11320379687762093,0.9723,0.9721242979434491,0.9721075612792314,0.9721007083263509,0.9692134318145804,"[[ 967    0    2    1    0    3    3    1    2    1]
 [   0 1120    2    2    0    2    4    0    5    0]
 [   1    2 1007    3    1    0    1    9    6    2]
 [   1    0    8  975    1   10    0    7    3    5]
 [   2    0    2    0  956    0    5    3    0   14]
 [   1    1    0    9    1  866    5    1    4    4]
 [   4    3    0    0    7    5  939    0    0    0]
 [   1    4    8    1    3    0    0  998    3   10]
 [   2    1    8    5    4    8    4    6  926   10]
 [   2    4    0    6   11    3    0    9    5  969]]",0.9992609514072139,0.9951078789440739
CoBAMSGrad2_FR,"{'period': 1875, 'lr': 0.001, 'betas': (0.9, 0.999), 'eps': 1e-08, 'weight_decay': 0.0, 'amsgrad': True, 'cg_type': 'FR', 'lam': 2.0, 'a': 1.00000001, 'm': 0.001}",37,9.593235969543457,0.029806897320596423,0.9908833333333333,0.10985364565385317,0.9737,0.9735869018969193,0.973429804904083,0.973477616825621,0.970772921015316,"[[ 963    1    2    2    0    2    2    2    2    4]
 [   1 1124    0    3    1    1    0    0    4    1]
 [   1    3 1004    7    1    0    1    8    7    0]
 [   0    0    4  994    0    3    0    5    2    2]
 [   1    2    5    0  957    0    5    2    2    8]
 [   2    0    0   15    1  866    3    1    2    2]
 [   8    1    2    0    6   13  927    0    1    0]
 [   3    3    9    1    1    1    0  998    2   10]
 [   3    1    3    7    1    6    2    3  939    9]
 [   2    2    2   10   15    1    2    6    4  965]]",0.9993538344920493,0.9957053969325671
CoBAMSGrad2_FR,"{'period': 1875, 'lr': 0.001, 'betas': (0.9, 0.999), 'eps': 1e-08, 'weight_decay': 0.0, 'amsgrad': True, 'cg_type': 'FR', 'lam': 2.0, 'a': 1.00000001, 'm': 0.001}",38,9.454059839248657,0.026549540373173416,0.9914833333333334,0.10257700906411849,0.9774,0.977243909485729,0.9771826556377923,0.9772005875489251,0.9748817153336442,"[[ 974    1    0    1    0    0    3    1    0    0]
 [   0 1125    1    0    0    2    3    0    4    0]
 [   2    0 1008    3    1    0    0   10    7    1]
 [   0    0    5  985    0    7    0    4    1    8]
 [   0    1    4    0  957    0    4    4    1   11]
 [   2    0    1    2    0  870    5    1    6    5]
 [   7    3    2    0    7    4  934    0    1    0]
 [   1    3    6    3    2    1    0 1005    2    5]
 [   3    0    2    7    7    6    0    2  938    9]
 [   1    3    1    2   17    2    0    2    3  978]]",0.9993517275133736,0.9957993217985255
CoBAMSGrad2_FR,"{'period': 1875, 'lr': 0.001, 'betas': (0.9, 0.999), 'eps': 1e-08, 'weight_decay': 0.0, 'amsgrad': True, 'cg_type': 'FR', 'lam': 2.0, 'a': 1.00000001, 'm': 0.001}",39,9.476033210754395,0.02888277475896272,0.9904,0.10460220597066107,0.9762,0.9760253859251982,0.9758132123123564,0.9758895748343009,0.9735513312813856,"[[ 965    1    1    2    1    3    2    3    2    0]
 [   0 1126    6    1    0    0    1    0    1    0]
 [   1    1 1014    5    2    1    1    3    4    0]
 [   0    0    4  995    0    6    0    2    3    0]
 [   1    0    2    0  957    0    4    4    2   12]
 [   4    0    0   15    1  857    1    0   11    3]
 [   6    2    1    0    2    4  942    0    1    0]
 [   2    3    9    1    0    0    0 1004    2    7]
 [   5    0    3    7    4    6    3    4  937    5]
 [   3    3    0    9   13    5    1    8    2  965]]",0.9994022998382368,0.9958785612842164
CoBAMSGrad2_FR,"{'period': 1875, 'lr': 0.001, 'betas': (0.9, 0.999), 'eps': 1e-08, 'weight_decay': 0.0, 'amsgrad': True, 'cg_type': 'FR', 'lam': 2.0, 'a': 1.00000001, 'm': 0.001}",40,9.369962215423584,0.027609578063014093,0.9911666666666666,0.11801040619884316,0.9744,0.9742933117788153,0.9741291194874936,0.9741948023198524,0.9715475896359512,"[[ 967    1    2    1    0    1    6    1    0    1]
 [   1 1123    2    1    0    2    2    0    3    1]
 [   3    1 1000   10    2    0    2    8    6    0]
 [   0    1    5  984    0    3    0    5    5    7]
 [   1    0    6    0  954    0    5    2    1   13]
 [   2    1    0   14    1  859    6    0    4    5]
 [   5    3    0    2    5    4  938    0    1    0]
 [   1    3   11    5    0    1    0 1000    2    5]
 [   5    0    4    5    3    3    1    5  944    4]
 [   3    1    2    5    7    7    0    1    8  975]]",0.9992428453818635,0.9951604326287999
CoBAMSGrad2_FR,"{'period': 1875, 'lr': 0.001, 'betas': (0.9, 0.999), 'eps': 1e-08, 'weight_decay': 0.0, 'amsgrad': True, 'cg_type': 'FR', 'lam': 2.0, 'a': 1.00000001, 'm': 0.001}",41,9.487979173660278,0.02679511393987523,0.9912,0.11700792348915193,0.9779,0.9777641896887557,0.9777423918004736,0.9777434382642178,0.9754370386532725,"[[ 968    1    1    0    0    0    2    4    2    2]
 [   2 1124    1    2    0    1    2    0    3    0]
 [   3    2 1009    1    2    0    0    8    6    1]
 [   0    0    5  981    0    8    0    6    4    6]
 [   1    1    2    0  955    0    7    1    1   14]
 [   2    0    0    3    0  870    8    1    3    5]
 [   4    2    1    0    5    5  940    0    1    0]
 [   2    5    9    1    2    2    0 1003    1    3]
 [   3    1    2    2    2    5    1    4  950    4]
 [   2    3    0    4   10    2    0    3    6  979]]",0.9992209117021238,0.9952370878149445
CoBAMSGrad2_FR,"{'period': 1875, 'lr': 0.001, 'betas': (0.9, 0.999), 'eps': 1e-08, 'weight_decay': 0.0, 'amsgrad': True, 'cg_type': 'FR', 'lam': 2.0, 'a': 1.00000001, 'm': 0.001}",42,9.618680477142334,0.026907630432569808,0.9909666666666667,0.12745395045609845,0.9732,0.9728852224631106,0.972983789491926,0.9729184377638032,0.9702146251137069,"[[ 968    1    1    0    1    2    3    1    3    0]
 [   0 1121    4    4    0    1    1    0    4    0]
 [   4    0 1002    8    4    0    1    7    6    0]
 [   0    0    2  983    0   10    0    6    6    3]
 [   1    2    3    1  952    0    6    4    1   12]
 [   3    0    0   13    1  863    4    0    6    2]
 [   3    3    0    0    2   10  938    0    2    0]
 [   2    3    6    3    2    1    0 1001    2    8]
 [   4    1    4    8    5    6    2    2  938    4]
 [   2    3    2    6   13    7    0    3    7  966]]",0.9992037998051607,0.9949392024692518
CoBAMSGrad2_FR,"{'period': 1875, 'lr': 0.001, 'betas': (0.9, 0.999), 'eps': 1e-08, 'weight_decay': 0.0, 'amsgrad': True, 'cg_type': 'FR', 'lam': 2.0, 'a': 1.00000001, 'm': 0.001}",43,9.481396675109863,0.025795859680345742,0.9916833333333334,0.14390107487178858,0.9743,0.9740961297582464,0.9739892251088893,0.9740215644346601,0.971437599062168,"[[ 967    1    0    0    0    2    4    3    2    1]
 [   0 1123    3    2    0    1    4    0    2    0]
 [   3    1 1015    2    1    2    3    2    3    0]
 [   0    1    7  986    0    7    0    4    3    2]
 [   2    2    2    0  952    1    5    1    0   17]
 [   2    0    0   15    1  862    6    1    4    1]
 [   6    3    1    0    5    3  938    0    2    0]
 [   1    3   10    4    0    2    0 1001    1    6]
 [   5    2    4    5    5    8    4    4  933    4]
 [   0    4    0    8    9    3    2    9    8  966]]",0.9989967935153803,0.9932835729183287
CoBAMSGrad2_FR,"{'period': 1875, 'lr': 0.001, 'betas': (0.9, 0.999), 'eps': 1e-08, 'weight_decay': 0.0, 'amsgrad': True, 'cg_type': 'FR', 'lam': 2.0, 'a': 1.00000001, 'm': 0.001}",44,9.426546573638916,0.02892122858865802,0.9909166666666667,0.12231901228292315,0.9755,0.9752887516247096,0.9752746538478438,0.9752695867912594,0.972769673902921,"[[ 965    1    4    0    0    3    3    2    1    1]
 [   0 1124    2    2    0    1    1    1    4    0]
 [   1    3 1010    2    2    0    1    8    5    0]
 [   1    0    6  978    0   14    0    4    6    1]
 [   2    1    1    0  950    0    5    2    1   20]
 [   2    0    0    7    1  869    4    1    4    4]
 [   3    3    0    1    6    4  941    0    0    0]
 [   1    4    7    1    2    0    0 1005    2    6]
 [   6    1    3    6    4    6    1    5  935    7]
 [   3    3    0    5   10    4    1    2    3  978]]",0.9991889954358276,0.9949799531284734
CoBAMSGrad2_FR,"{'period': 1875, 'lr': 0.001, 'betas': (0.9, 0.999), 'eps': 1e-08, 'weight_decay': 0.0, 'amsgrad': True, 'cg_type': 'FR', 'lam': 2.0, 'a': 1.00000001, 'm': 0.001}",45,9.381290674209595,0.02586962886909911,0.99205,0.12653834587466498,0.9731,0.9728933999914231,0.9727600921796414,0.9728122040082974,0.9701023068507327,"[[ 964    1    1    1    0    2    3    3    3    2]
 [   0 1122    2    2    0    2    3    0    4    0]
 [   4    1 1002   10    1    0    1    8    5    0]
 [   1    0    6  983    0    8    0    4    6    2]
 [   1    0    2    0  952    0    6    4    0   17]
 [   2    0    0   15    2  856    4    2    4    7]
 [   7    4    1    1    3    5  936    0    1    0]
 [   1    2    5    4    3    0    0 1007    2    4]
 [   4    0    3    3    4    5    4    5  941    5]
 [   3    4    0    5   12    4    0    5    8  968]]",0.9991363639729206,0.9948520276509416
CoBAMSGrad2_FR,"{'period': 1875, 'lr': 0.001, 'betas': (0.9, 0.999), 'eps': 1e-08, 'weight_decay': 0.0, 'amsgrad': True, 'cg_type': 'FR', 'lam': 2.0, 'a': 1.00000001, 'm': 0.001}",46,9.396819591522217,0.023555779575007305,0.9922333333333333,0.12012854174024334,0.9736,0.9734728427695625,0.9733813976272192,0.9733792088902649,0.9706662792404397,"[[ 964    1    3    2    0    1    5    1    1    2]
 [   0 1116    2    1    1    0    5    1    9    0]
 [   1    1 1014    4    2    0    0    5    4    1]
 [   0    0    5  993    0    6    0    1    1    4]
 [   1    1    3    0  955    0    9    1    1   11]
 [   1    0    1   11    1  859    7    1    7    4]
 [   5    2    1    1    2    8  938    0    1    0]
 [   3    7    9   10    4    2    0  987    2    4]
 [   2    0    6    9    4    8    2    2  939    2]
 [   3    3    2    9   14    2    0    3    2  971]]",0.9992826163274604,0.9951936450525949
CoBAMSGrad2_FR,"{'period': 1875, 'lr': 0.001, 'betas': (0.9, 0.999), 'eps': 1e-08, 'weight_decay': 0.0, 'amsgrad': True, 'cg_type': 'FR', 'lam': 2.0, 'a': 1.00000001, 'm': 0.001}",47,9.365403413772583,0.02508497589283088,0.9920666666666667,0.12957510440387734,0.975,0.9748048839997067,0.9748226942363155,0.9747875909250292,0.9722174221960153,"[[ 969    1    0    1    0    2    3    1    2    1]
 [   0 1124    2    0    1    0    1    2    5    0]
 [   3    1 1006    4    1    1    1    7    6    2]
 [   0    1    7  986    0    9    0    2    3    2]
 [   0    1    3    0  963    0    3    1    3    8]
 [   3    0    1    7    1  862    7    0    8    3]
 [   3    3    2    0    5    3  941    0    1    0]
 [   2    6   13    2    3    2    0  985    4   11]
 [   3    0    2    5    5    3    5    2  947    2]
 [   1    3    1    8   15    7    2    3    2  967]]",0.9991442135492387,0.9947490050107399
CoBAMSGrad2_FR,"{'period': 1875, 'lr': 0.001, 'betas': (0.9, 0.999), 'eps': 1e-08, 'weight_decay': 0.0, 'amsgrad': True, 'cg_type': 'FR', 'lam': 2.0, 'a': 1.00000001, 'm': 0.001}",48,9.485815525054932,0.025515723786775135,0.9921,0.1231072337411252,0.9766,0.9764377892397869,0.9763198380590407,0.9763675029935761,0.9739920726539716,"[[ 969    1    1    1    2    1    2    2    1    0]
 [   0 1127    1    0    0    0    2    1    4    0]
 [   4    3 1009    3    1    0    1    6    5    0]
 [   1    0    4  987    0    5    0    6    4    3]
 [   0    0    2    1  957    0    6    2    1   13]
 [   2    2    0    8    0  865    3    2    8    2]
 [   4    3    0    0    7   11  932    0    1    0]
 [   3    4    8    3    2    0    0 1002    1    5]
 [   1    1    1    8    2    5    1    2  949    4]
 [   1    3    1    4    8    5    2   10    6  969]]",0.9991839216123628,0.9949860259546025
CoBAMSGrad2_FR,"{'period': 1875, 'lr': 0.001, 'betas': (0.9, 0.999), 'eps': 1e-08, 'weight_decay': 0.0, 'amsgrad': True, 'cg_type': 'FR', 'lam': 2.0, 'a': 1.00000001, 'm': 0.001}",49,9.405842542648315,0.02583738486204966,0.992,0.12110970348275431,0.9745,0.97454332172543,0.9740130032105794,0.9742272875021968,0.9716648102113978,"[[ 972    0    0    1    1    0    2    0    2    2]
 [   0 1128    1    2    0    2    1    0    1    0]
 [   1    1 1013    5    1    0    0    7    2    2]
 [   0    0    5  988    0    5    0    5    6    1]
 [   0    2    4    0  958    0    3    1    0   14]
 [   3    0    0   18    2  855    5    1    3    5]
 [   7    4    0    1    9    7  929    0    1    0]
 [   0    6    8    3    3    0    0 1004    1    3]
 [   8    1    7    5    4    4    2    7  930    6]
 [   1    6    0    6   14    1    2    7    4  968]]",0.9993654582950787,0.9956358323205187
CoBAMSGrad2_FR,"{'period': 1875, 'lr': 0.001, 'betas': (0.9, 0.999), 'eps': 1e-08, 'weight_decay': 0.0, 'amsgrad': True, 'cg_type': 'FR', 'lam': 2.0, 'a': 1.00000001, 'm': 0.001}",50,9.463759183883667,0.024171004840631893,0.99235,0.1214705110502204,0.9754,0.9751844254618275,0.9751266658552222,0.9751363015047725,0.9726602042752317,"[[ 970    1    0    2    0    0    3    1    2    1]
 [   0 1126    2    0    1    1    1    0    4    0]
 [   0    4 1010    2    4    1    3    3    5    0]
 [   0    0    6  986    0    9    0    3    3    3]
 [   0    3    4    0  960    0    2    1    1   11]
 [   3    0    0   10    2  864    6    1    6    0]
 [   6    2    0    1    2    6  938    0    3    0]
 [   2    1   11    3    2    2    0  998    3    6]
 [   5    0    4    9    5    5    4    4  935    3]
 [   1    2    1    9   14    1    1    5    8  967]]",0.9992575324793028,0.9951169289502989
CoBAMSGrad2_FR,"{'period': 1875, 'lr': 0.001, 'betas': (0.9, 0.999), 'eps': 1e-08, 'weight_decay': 0.0, 'amsgrad': True, 'cg_type': 'FR', 'lam': 2.0, 'a': 1.00000001, 'm': 0.001}",51,9.467275381088257,0.022330174448399884,0.9924166666666666,0.12203792714831052,0.9754,0.9751730333385895,0.9751763624788966,0.9751430121703282,0.9726625123900278,"[[ 971    1    1    1    0    1    1    2    1    1]
 [   0 1130    1    0    0    1    1    0    2    0]
 [   2    2 1008    1    2    0    3    7    5    2]
 [   1    0    3  982    0   14    0    4    4    2]
 [   1    3    3    0  952    0    5    3    1   14]
 [   3    0    0    5    0  875    3    1    2    3]
 [   6    2    1    0    7    9  933    0    0    0]
 [   1    3   12    3    2    1    0  997    1    8]
 [   4    0    7    5    7    5    4    4  932    6]
 [   2    2    1    5   12    3    1    7    2  974]]",0.9992703360079972,0.9953153323989931
CoBAMSGrad2_FR,"{'period': 1875, 'lr': 0.001, 'betas': (0.9, 0.999), 'eps': 1e-08, 'weight_decay': 0.0, 'amsgrad': True, 'cg_type': 'FR', 'lam': 2.0, 'a': 1.00000001, 'm': 0.001}",52,9.444033145904541,0.022681504215094416,0.99255,0.12252085220554905,0.9765,0.9763079517014767,0.9763702736516278,0.9763229923576082,0.9738823381159039,"[[ 968    1    2    0    1    1    3    3    1    0]
 [   1 1124    4    0    0    1    1    2    2    0]
 [   2    2 1009    1    3    1    1    9    4    0]
 [   0    0    4  984    0   13    0    2    6    1]
 [   0    0    3    0  960    1    4    4    0   10]
 [   0    0    0    4    1  870    6    0    5    6]
 [   2    3    0    0    3    4  945    0    1    0]
 [   1    5   13    4    2    1    0  991    3    8]
 [   4    1    4    3    4   10    1    2  937    8]
 [   1    4    1    4   13    2    0    4    3  977]]",0.9992513430459008,0.9950659479186268
CoBAMSGrad2_FR,"{'period': 1875, 'lr': 0.001, 'betas': (0.9, 0.999), 'eps': 1e-08, 'weight_decay': 0.0, 'amsgrad': True, 'cg_type': 'FR', 'lam': 2.0, 'a': 1.00000001, 'm': 0.001}",53,9.41517949104309,0.02294287283543099,0.9927333333333334,0.12543928069065163,0.9749,0.9746439483814708,0.9746602571668991,0.9746219519701762,0.9721066055065394,"[[ 969    1    1    1    2    1    2    2    1    0]
 [   0 1124    3    1    0    2    1    1    2    1]
 [   3    0 1007    8    2    1    1    6    4    0]
 [   0    0    6  987    0   11    0    2    3    1]
 [   1    2    2    0  960    1    4    1    1   10]
 [   2    0    0    6    1  869    3    1    5    5]
 [   9    4    0    1    7    9  925    0    3    0]
 [   2    3   10    3    1    1    0  998    4    6]
 [   3    2    0   11    4    9    2    3  937    3]
 [   1    3    1    3   14    2    0    7    5  973]]",0.9992251100894206,0.9948506157925863
CoBAMSGrad2_FR,"{'period': 1875, 'lr': 0.001, 'betas': (0.9, 0.999), 'eps': 1e-08, 'weight_decay': 0.0, 'amsgrad': True, 'cg_type': 'FR', 'lam': 2.0, 'a': 1.00000001, 'm': 0.001}",54,9.643843173980713,0.02275227907971845,0.9932166666666666,0.12797625279221575,0.9745,0.9744012900474794,0.9742212111295496,0.9742832950340962,0.9716613177325656,"[[ 969    1    0    2    0    3    1    3    1    0]
 [   0 1126    1    3    0    1    2    0    2    0]
 [   3    3 1005    5    1    0    0    8    7    0]
 [   1    1    3  989    0    5    0    4    4    3]
 [   0    3    3    0  951    1    6    3    0   15]
 [   3    0    0   10    0  867    5    1    4    2]
 [   6    3    0    1    1    8  935    0    4    0]
 [   1    4    6    3    0    1    0 1005    3    5]
 [   6    1    6    6    3    7    4    2  933    6]
 [   3    4    3    7   13    1    1   10    2  965]]",0.9991951042448161,0.9950280393373797
CoBAMSGrad2_FR,"{'period': 1875, 'lr': 0.001, 'betas': (0.9, 0.999), 'eps': 1e-08, 'weight_decay': 0.0, 'amsgrad': True, 'cg_type': 'FR', 'lam': 2.0, 'a': 1.00000001, 'm': 0.001}",55,9.541226863861084,0.020047020089391722,0.9937333333333334,0.12349110045125852,0.9746,0.9744068141930196,0.974404821787847,0.9743977167888783,0.9717686410827756,"[[ 966    1    3    2    0    2    2    3    1    0]
 [   0 1119    3    2    0    1    4    0    6    0]
 [   2    2 1001    5    3    0    1    9    9    0]
 [   0    0    7  988    0    5    0    2    4    4]
 [   1    1    1    0  956    0    6    3    1   13]
 [   3    0    0    9    1  865    6    2    5    1]
 [   7    3    2    0    1    5  936    0    4    0]
 [   3    3    4    4    3    1    0 1001    1    8]
 [   7    0    3    6    7    4    4    1  935    7]
 [   1    1    1    3    9    2    1    5    7  979]]",0.9992612450556575,0.9953334102576379
CoBAMSGrad2_FR,"{'period': 1875, 'lr': 0.001, 'betas': (0.9, 0.999), 'eps': 1e-08, 'weight_decay': 0.0, 'amsgrad': True, 'cg_type': 'FR', 'lam': 2.0, 'a': 1.00000001, 'm': 0.001}",56,9.374407052993774,0.022401653927316603,0.9926666666666667,0.12070294357759481,0.9778,0.9776158163776394,0.9774103956750663,0.9774927508148343,0.975327671398443,"[[ 968    1    1    2    1    1    2    3    0    1]
 [   1 1127    3    0    0    1    0    0    3    0]
 [   1    1 1020    0    2    0    0    6    2    0]
 [   0    0    6  988    0   10    0    1    2    3]
 [   2    0    5    2  951    0    4    1    1   16]
 [   4    0    0    6    1  862    5    3    6    5]
 [   8    3    4    0    5    6  931    0    1    0]
 [   1    4    5    2    2    0    0 1004    4    6]
 [   4    0    2    4    4    4    1    2  947    6]
 [   4    2    1    2    9    5    0    4    2  980]]",0.9992974825724177,0.9952872218367919
CoBAMSGrad2_FR,"{'period': 1875, 'lr': 0.001, 'betas': (0.9, 0.999), 'eps': 1e-08, 'weight_decay': 0.0, 'amsgrad': True, 'cg_type': 'FR', 'lam': 2.0, 'a': 1.00000001, 'm': 0.001}",57,9.450523138046265,0.02247075996371829,0.9929666666666667,0.13084407513882126,0.9761,0.9758027698834788,0.9759035386432314,0.9758194908178724,0.9734421354512793,"[[ 973    1    0    1    0    1    1    1    2    0]
 [   0 1122    1    1    0    1    3    0    7    0]
 [   1    3 1005    7    3    0    2    6    5    0]
 [   2    0    3  989    0    7    0    4    3    2]
 [   2    0    0    1  966    0    4    0    2    7]
 [   2    0    0    9    1  863    3    2    8    4]
 [   5    2    0    1    5    5  936    0    4    0]
 [   1    3    6    4    5    2    0  997    4    6]
 [   2    0    3    4    4    8    2    4  942    5]
 [   1    1    1    5   20    7    0    3    3  968]]",0.9992052079242887,0.9949828660549838
CoBAMSGrad2_FR,"{'period': 1875, 'lr': 0.001, 'betas': (0.9, 0.999), 'eps': 1e-08, 'weight_decay': 0.0, 'amsgrad': True, 'cg_type': 'FR', 'lam': 2.0, 'a': 1.00000001, 'm': 0.001}",58,9.489789962768555,0.021494161022652794,0.99355,0.1310224175226037,0.9759,0.9757921481983018,0.9757328452139934,0.9757554631124907,0.9732131480103479,"[[ 969    0    2    2    0    2    3    1    1    0]
 [   0 1127    2    1    0    1    2    1    1    0]
 [   2    0 1008    4    2    2    2    9    3    0]
 [   0    0    4  984    0    5    0    5    4    8]
 [   0    0    5    0  956    1    6    2    0   12]
 [   1    0    0    6    3  872    4    0    4    2]
 [   6    3    0    0    4    4  938    0    3    0]
 [   2    6    8    1    0    0    1  995    2   13]
 [   2    1    6    7    5    2    1    4  941    5]
 [   2    5    0    7   15    5    0    2    4  969]]",0.9990440819658483,0.9945403044002774
CoBAMSGrad2_FR,"{'period': 1875, 'lr': 0.001, 'betas': (0.9, 0.999), 'eps': 1e-08, 'weight_decay': 0.0, 'amsgrad': True, 'cg_type': 'FR', 'lam': 2.0, 'a': 1.00000001, 'm': 0.001}",59,9.434068202972412,0.021866681602110756,0.9934166666666666,0.10666616788743838,0.9776,0.9774113846896364,0.9773693402788606,0.9773740647220033,0.9751048642245005,"[[ 973    0    0    0    0    2    2    1    2    0]
 [   0 1124    3    2    0    1    3    1    1    0]
 [   2    0 1014    3    3    0    0    7    3    0]
 [   0    0    4  989    0    7    0    5    2    3]
 [   2    1    4    0  948    0    2    4    1   20]
 [   1    1    0    9    1  868    4    1    4    3]
 [  10    2    2    0    4    5  934    0    1    0]
 [   2    2    5    6    1    2    0 1004    3    3]
 [   2    0    2    3    4    4    1    4  950    4]
 [   4    2    1    7   10    4    1    5    3  972]]",0.999406733028302,0.9961076398970601
CoBAMSGrad2_FR,"{'period': 1875, 'lr': 0.001, 'betas': (0.9, 0.999), 'eps': 1e-08, 'weight_decay': 0.0, 'amsgrad': True, 'cg_type': 'FR', 'lam': 2.0, 'a': 1.00000001, 'm': 0.001}",60,9.393718004226685,0.020180034479250555,0.994,0.12457794359173961,0.9761,0.9759435095451587,0.9759079511226381,0.9759193538200925,0.9734354518756794,"[[ 971    0    2    1    0    1    0    0    1    4]
 [   1 1120    4    2    0    2    2    1    3    0]
 [   1    1 1010    4    2    0    3    5    6    0]
 [   1    0    5  985    0    5    0    4    6    4]
 [   1    1    6    1  957    0    1    3    0   12]
 [   1    0    1   10    0  864    5    2    8    1]
 [   4    2    0    0    4    8  938    0    2    0]
 [   1    6    7    3    2    1    0  999    1    8]
 [   6    0    4    4    4    4    4    2  943    3]
 [   1    3    1    5   13    3    1    4    4  974]]",0.999245942740521,0.9951513716251703
CoBAMSGrad2_FR,"{'period': 1875, 'lr': 0.001, 'betas': (0.9, 0.999), 'eps': 1e-08, 'weight_decay': 0.0, 'amsgrad': True, 'cg_type': 'FR', 'lam': 2.0, 'a': 1.00000001, 'm': 0.001}",61,9.377983331680298,0.01853853374446947,0.9938166666666667,0.1263686847565599,0.9761,0.9760103987959277,0.9759315121131229,0.9759514176892996,0.9734385067419842,"[[ 965    1    1    1    1    0    4    1    2    4]
 [   1 1124    3    1    0    3    2    0    1    0]
 [   3    2  996   14    2    0    2    7    5    1]
 [   0    0    3  988    0    7    0    4    7    1]
 [   1    0    4    0  954    0    3    3    2   15]
 [   2    0    0    5    0  869    4    1    5    6]
 [   3    3    0    0    2    4  941    0    5    0]
 [   1    3    5    8    0    1    0 1005    2    3]
 [   2    0    2    8    4    4    1    5  941    7]
 [   0    3    1    4    8    3    1    5    6  978]]",0.9992741239255907,0.9952251230035533
CoBAMSGrad2_FR,"{'period': 1875, 'lr': 0.001, 'betas': (0.9, 0.999), 'eps': 1e-08, 'weight_decay': 0.0, 'amsgrad': True, 'cg_type': 'FR', 'lam': 2.0, 'a': 1.00000001, 'm': 0.001}",62,9.583584785461426,0.019557804892268906,0.9937,0.12387549203711451,0.976,0.975929088995924,0.9757027899864974,0.9757947691612943,0.9733269345511077,"[[ 971    0    2    0    2    1    1    1    1    1]
 [   1 1123    7    3    0    0    1    0    0    0]
 [   2    0 1012    4    2    0    1    5    6    0]
 [   0    0    5  988    1    4    0    1    5    6]
 [   1    0    4    0  952    0    5    1    1   18]
 [   3    0    1    7    1  862    4    2    9    3]
 [   6    3    0    1    3    5  939    0    1    0]
 [   1    4    7    2    1    0    1 1002    1    9]
 [   3    1    7    8    3    4    6    4  935    3]
 [   2    5    1    5    9    4    1    1    5  976]]",0.9993019998779433,0.9952181982694258
CoBAMSGrad2_FR,"{'period': 1875, 'lr': 0.001, 'betas': (0.9, 0.999), 'eps': 1e-08, 'weight_decay': 0.0, 'amsgrad': True, 'cg_type': 'FR', 'lam': 2.0, 'a': 1.00000001, 'm': 0.001}",63,9.401114702224731,0.02037574365555019,0.9938333333333333,0.11799333216181429,0.977,0.9768215855481376,0.9768683287791786,0.9768317295721232,0.9744374269526753,"[[ 968    1    0    1    1    2    3    1    2    1]
 [   1 1122    1    2    0    0    3    1    5    0]
 [   4    3 1009    3    2    0    2    5    4    0]
 [   1    0    3  991    0    8    0    3    2    2]
 [   1    0    6    0  961    0    2    2    0   10]
 [   2    1    0    7    0  873    2    0    3    4]
 [   4    2    0    1    3    6  937    0    4    1]
 [   2    5    6    1    2    1    0 1001    1    9]
 [   5    0    4    3    5    6    4    3  937    7]
 [   1    3    1    5   18    2    1    5    2  971]]",0.9993618610324958,0.9959303498717065
CoBAMSGrad2_FR,"{'period': 1875, 'lr': 0.001, 'betas': (0.9, 0.999), 'eps': 1e-08, 'weight_decay': 0.0, 'amsgrad': True, 'cg_type': 'FR', 'lam': 2.0, 'a': 1.00000001, 'm': 0.001}",64,9.601907730102539,0.021920309696511733,0.993,0.1346833036599474,0.9747,0.9745917323801805,0.974511797908972,0.974521305667406,0.9718844399334458,"[[ 971    1    1    0    1    2    2    1    1    0]
 [   2 1124    3    1    0    1    1    1    1    1]
 [   2    1 1009    5    2    0    3    6    4    0]
 [   0    0    4  989    0    3    0    4    3    7]
 [   1    1    2    0  950    1    8    1    2   16]
 [   2    0    0    9    2  869    3    0    3    4]
 [   4    3    0    1    2    5  942    0    1    0]
 [   1    6    7    6    3    1    0  992    3    9]
 [   7    0    7    8    4    6    2    4  930    6]
 [   1    3    2    8   10    5    1    3    5  971]]",0.9991692633520973,0.9947683072857909
CoBAMSGrad2_FR,"{'period': 1875, 'lr': 0.001, 'betas': (0.9, 0.999), 'eps': 1e-08, 'weight_decay': 0.0, 'amsgrad': True, 'cg_type': 'FR', 'lam': 2.0, 'a': 1.00000001, 'm': 0.001}",65,9.443248748779297,0.017401486620883286,0.99455,0.13789978311589135,0.9749,0.9747844569932591,0.9747325844272353,0.9747162748927499,0.9721097168862864,"[[ 966    1    2    1    1    1    4    0    3    1]
 [   1 1123    1    2    0    2    2    1    3    0]
 [   2    2 1005    8    0    0    4    6    5    0]
 [   1    1    3  989    0    7    0    3    5    1]
 [   1    0    2    0  965    0    4    3    2    5]
 [   3    1    0   12    0  865    3    0    5    3]
 [   7    3    0    1    3    2  940    0    2    0]
 [   1    5   10    6    2    0    0  994    3    7]
 [   4    0    3    7    4    7    1    2  942    4]
 [   4    3    1    5   22    4    0    7    3  960]]",0.9991946297589637,0.9947895299343458
CoBAMSGrad2_FR,"{'period': 1875, 'lr': 0.001, 'betas': (0.9, 0.999), 'eps': 1e-08, 'weight_decay': 0.0, 'amsgrad': True, 'cg_type': 'FR', 'lam': 2.0, 'a': 1.00000001, 'm': 0.001}",66,9.635356426239014,0.01836713220344996,0.9942333333333333,0.15218745976772466,0.973,0.9730008504959254,0.9726331740945448,0.9727748314844691,0.9699967295650708,"[[ 968    0    0    0    0    2    2    4    3    1]
 [   1 1126    1    2    0    1    2    1    1    0]
 [   0    1 1000   12    3    1    1    5    9    0]
 [   0    0    5  992    0    3    0    5    3    2]
 [   1    2    5    0  954    0    2    2    0   16]
 [   3    2    0   16    0  856    4    1    8    2]
 [   4    4    2    0    7    5  932    0    3    1]
 [   2    4   11    5    2    3    0  996    1    4]
 [   4    0    3    6    4    3    4    4  940    6]
 [   4    3    0   11   10    3    1    7    4  966]]",0.9990551042960047,0.9940869286173755
CoBAMSGrad2_FR,"{'period': 1875, 'lr': 0.001, 'betas': (0.9, 0.999), 'eps': 1e-08, 'weight_decay': 0.0, 'amsgrad': True, 'cg_type': 'FR', 'lam': 2.0, 'a': 1.00000001, 'm': 0.001}",67,9.518399477005005,0.020244452070331834,0.9934166666666666,0.13421889003529705,0.9735,0.9735911207331623,0.9731071948140763,0.9732605415727047,0.9705621454183604,"[[ 968    0    2    0    2    2    3    0    1    2]
 [   1 1125    2    1    1    1    0    2    2    0]
 [   5    1 1005    8    1    0    0    8    3    1]
 [   1    0    7  989    0    2    0    3    2    6]
 [   2    2    2    0  964    0    2    0    3    7]
 [   3    0    0   17    2  858    4    1    7    0]
 [   7    2    2    1    9    7  927    0    3    0]
 [   1    5    4    2    4    0    0 1007    2    3]
 [   5    1    4   10    5    4    2    8  932    3]
 [   2    3    1   10   20    1    0   10    2  960]]",0.9992226299671035,0.9949555381771716
CoBAMSGrad2_FR,"{'period': 1875, 'lr': 0.001, 'betas': (0.9, 0.999), 'eps': 1e-08, 'weight_decay': 0.0, 'amsgrad': True, 'cg_type': 'FR', 'lam': 2.0, 'a': 1.00000001, 'm': 0.001}",68,9.540332317352295,0.018671102048625175,0.99425,0.12329233847649551,0.9755,0.9754391023114307,0.9751770871283473,0.9752643975555747,0.9727763714278386,"[[ 967    1    2    2    1    1    2    2    1    1]
 [   0 1128    0    2    0    1    2    1    1    0]
 [   1    3 1002   11    2    0    5    5    3    0]
 [   0    0    1  995    0    4    0    3    4    3]
 [   0    2    2    0  956    0    8    2    1   11]
 [   2    0    0   10    1  860    8    2    5    4]
 [   5    2    0    0    2    5  942    0    2    0]
 [   3    8    5    4    3    0    0  998    1    6]
 [   3    0    4    8    6    7    3    2  937    4]
 [   0    3    0    6   12    4    1   10    3  970]]",0.9993005294528332,0.995732313714434
CoBAMSGrad2_FR,"{'period': 1875, 'lr': 0.001, 'betas': (0.9, 0.999), 'eps': 1e-08, 'weight_decay': 0.0, 'amsgrad': True, 'cg_type': 'FR', 'lam': 2.0, 'a': 1.00000001, 'm': 0.001}",69,9.410783052444458,0.020124541605480377,0.9936,0.1136673617281309,0.977,0.9768626016917044,0.976913879847031,0.9768719097400007,0.9744383488641511,"[[ 972    1    0    1    2    0    2    1    0    1]
 [   0 1122    1    2    0    1    2    1    5    1]
 [   4    2 1005    8    2    1    0    6    4    0]
 [   0    0    6  988    0    5    0    3    3    5]
 [   1    0    3    0  964    0    3    1    0   10]
 [   2    0    1    6    1  870    4    1    2    5]
 [   3    3    2    0    2    5  940    0    3    0]
 [   1    5    8    9    3    1    0  991    5    5]
 [   4    1    3    4    5    5    4    2  943    3]
 [   2    2    0    2   14    5    0    4    5  975]]",0.9993291051854325,0.995818964129062
CoBAMSGrad2_FR,"{'period': 1875, 'lr': 0.001, 'betas': (0.9, 0.999), 'eps': 1e-08, 'weight_decay': 0.0, 'amsgrad': True, 'cg_type': 'FR', 'lam': 2.0, 'a': 1.00000001, 'm': 0.001}",70,9.461933135986328,0.0198950062318814,0.9937333333333334,0.13768528351872905,0.975,0.9747532332474427,0.9747428202429337,0.9747248680568126,0.9722165798922285,"[[ 970    1    1    0    0    3    3    2    0    0]
 [   2 1120    4    1    1    2    1    1    2    1]
 [   4    1 1005    8    0    0    1    7    6    0]
 [   0    1    1  989    0    8    0    3    3    5]
 [   1    0    4    0  961    0    6    2    0    8]
 [   2    1    0   13    1  862    3    2    6    2]
 [   7    2    2    1    3    8  931    0    4    0]
 [   1    1    7    3    3    1    0 1006    4    2]
 [   3    1    4    6    6    6    1    3  938    6]
 [   1    3    1    3   16    3    0    9    5  968]]",0.9991730000628187,0.9945279290128453
CoBAMSGrad2_FR,"{'period': 1875, 'lr': 0.001, 'betas': (0.9, 0.999), 'eps': 1e-08, 'weight_decay': 0.0, 'amsgrad': True, 'cg_type': 'FR', 'lam': 2.0, 'a': 1.00000001, 'm': 0.001}",71,9.483935832977295,0.018980246571220088,0.99385,0.13058375403650693,0.9775,0.9773014800320551,0.977341472280227,0.9773017299600554,0.9749946190114955,"[[ 969    1    1    0    1    1    4    0    2    1]
 [   0 1123    3    1    0    2    2    1    3    0]
 [   2    1 1013    2    2    0    1    7    4    0]
 [   1    0    6  985    0   10    0    3    4    1]
 [   0    1    3    0  961    0    4    2    3    8]
 [   2    0    0    6    1  870    4    0    4    5]
 [   2    2    1    1    2    3  947    0    0    0]
 [   1    2    7    3    1    1    0 1006    1    6]
 [   6    1    5    6    5    6    3    3  934    5]
 [   4    4    1    4   17    2    0    8    2  967]]",0.9992060072507234,0.9950686429586597
CoBAMSGrad2_FR,"{'period': 1875, 'lr': 0.001, 'betas': (0.9, 0.999), 'eps': 1e-08, 'weight_decay': 0.0, 'amsgrad': True, 'cg_type': 'FR', 'lam': 2.0, 'a': 1.00000001, 'm': 0.001}",72,9.473834753036499,0.018017523284886146,0.9942166666666666,0.15405302419448105,0.9776,0.9775500929177054,0.9772932845629428,0.977398593234911,0.975105479630577,"[[ 968    1    1    1    1    2    2    2    1    1]
 [   0 1122    3    1    0    2    4    0    3    0]
 [   2    2 1012    1    2    0    4    5    2    2]
 [   1    0    4  994    0    0    0    3    5    3]
 [   1    0    1    0  953    0    7    2    2   16]
 [   3    1    0   11    2  860    5    1    5    4]
 [   7    2    1    0    3    4  941    0    0    0]
 [   2    6    4    4    0    1    0 1005    0    6]
 [   6    1    7    1    3    3    3    4  941    5]
 [   2    4    1    4   10    5    0    3    0  980]]",0.9989952837242881,0.994010300158334
CoBAMSGrad2_FR,"{'period': 1875, 'lr': 0.001, 'betas': (0.9, 0.999), 'eps': 1e-08, 'weight_decay': 0.0, 'amsgrad': True, 'cg_type': 'FR', 'lam': 2.0, 'a': 1.00000001, 'm': 0.001}",73,9.574321269989014,0.019893374242190065,0.994,0.13005538479000445,0.9763,0.9760666919682371,0.9760815148720763,0.9760719637311368,0.9736569207082646,"[[ 964    1    4    1    1    2    4    1    1    1]
 [   0 1123    2    3    0    1    1    1    4    0]
 [   1    1 1012    5    1    0    2    4    6    0]
 [   0    0    5  985    0    6    0    4    5    5]
 [   0    0    2    0  954    0    3    6    2   15]
 [   1    1    0    5    1  869    5    0    7    3]
 [   3    3    2    0    3    6  939    1    1    0]
 [   1    0    6    2    1    1    0 1005    5    7]
 [   4    0    4    4    6    8    3    3  938    4]
 [   1    5    0    3   15    3    1    5    2  974]]",0.9992367003764924,0.9951530945413802
CoBAMSGrad2_FR,"{'period': 1875, 'lr': 0.001, 'betas': (0.9, 0.999), 'eps': 1e-08, 'weight_decay': 0.0, 'amsgrad': True, 'cg_type': 'FR', 'lam': 2.0, 'a': 1.00000001, 'm': 0.001}",74,9.353371381759644,0.016428695765408872,0.9948166666666667,0.12153627659926661,0.9742,0.9738769575039967,0.9739804451758166,0.9739143878433352,0.9713256603051109,"[[ 967    0    2    0    0    1    3    4    2    1]
 [   1 1121    2    0    0    1    5    1    3    1]
 [   2    1 1011    3    2    0    3    5    5    0]
 [   0    0    6  977    0   18    0    3    5    1]
 [   1    1    4    0  955    1    5    4    0   11]
 [   1    0    0    7    1  863    8    2    6    4]
 [   5    3    0    0    5    3  939    0    3    0]
 [   3    3    7    3    3    0    0  999    2    8]
 [   6    2    7    3    2    4    3    4  941    2]
 [   2    3    1    3   13    6    1    6    5  969]]",0.9993868360926429,0.9959370782893412
CoBAMSGrad2_FR,"{'period': 1875, 'lr': 0.001, 'betas': (0.9, 0.999), 'eps': 1e-08, 'weight_decay': 0.0, 'amsgrad': True, 'cg_type': 'FR', 'lam': 2.0, 'a': 1.00000001, 'm': 0.001}",75,9.516751289367676,0.018794051696924965,0.9942166666666666,0.14205906166661214,0.9771,0.9769406946248755,0.976963840245164,0.9769351795561597,0.9745496484118047,"[[ 971    0    0    1    1    1    3    1    2    0]
 [   0 1118    3    2    0    0    2    3    7    0]
 [   1    0 1011    7    3    1    1    3    5    0]
 [   0    0    8  987    0    8    0    2    2    3]
 [   0    0    4    0  962    0    3    2    1   10]
 [   2    0    0    6    1  867    3    1   10    2]
 [   5    2    1    1    5    4  937    0    2    1]
 [   2    3    7    2    1    0    0 1006    2    5]
 [   4    1    3    4    4    2    1    4  946    5]
 [   0    4    1    6   17    6    0    5    4  966]]",0.9990762971971083,0.9945389408198186
CoBAMSGrad2_FR,"{'period': 1875, 'lr': 0.001, 'betas': (0.9, 0.999), 'eps': 1e-08, 'weight_decay': 0.0, 'amsgrad': True, 'cg_type': 'FR', 'lam': 2.0, 'a': 1.00000001, 'm': 0.001}",76,9.633197546005249,0.020546004899153408,0.99365,0.11850013694956492,0.977,0.9769274395868575,0.9767444189543196,0.9768165888728785,0.9744382753901397,"[[ 966    1    1    1    0    1    4    5    0    1]
 [   0 1125    2    1    0    3    2    1    1    0]
 [   2    0 1010    5    1    0    2    8    4    0]
 [   0    0    2  990    0    8    0    2    2    6]
 [   1    2    7    0  951    0    3    1    2   15]
 [   2    0    0   10    1  866    4    1    6    2]
 [   2    2    0    0    2    6  943    1    2    0]
 [   1    6    7    6    0    0    0  999    4    5]
 [   6    3    3    8    3    3    2    3  937    6]
 [   1    2    0    4    9    3    1    4    2  983]]",0.9992999722469562,0.9955141655949907
CoBAMSGrad2_FR,"{'period': 1875, 'lr': 0.001, 'betas': (0.9, 0.999), 'eps': 1e-08, 'weight_decay': 0.0, 'amsgrad': True, 'cg_type': 'FR', 'lam': 2.0, 'a': 1.00000001, 'm': 0.001}",77,9.481558561325073,0.017784572923079667,0.9944166666666666,0.1223029139329728,0.9777,0.9775797895596441,0.9773773072732992,0.9774622686468888,0.975215791422604,"[[ 965    0    1    0    0    2    4    3    2    3]
 [   0 1129    1    0    0    1    2    0    2    0]
 [   0    0 1021    3    1    0    0    5    2    0]
 [   0    0    3  993    0    7    0    1    5    1]
 [   2    1    4    0  955    0    5    2    0   13]
 [   3    0    0    7    0  868    4    1    6    3]
 [   4    4    0    0    2   10  935    0    3    0]
 [   1    7    5    5    2    0    0 1000    1    7]
 [   1    3    8    7    1    5    2    3  942    2]
 [   1    4    0    7   15    1    0    7    5  969]]",0.9992880722363129,0.9949973606163006
CoBAMSGrad2_FR,"{'period': 1875, 'lr': 0.001, 'betas': (0.9, 0.999), 'eps': 1e-08, 'weight_decay': 0.0, 'amsgrad': True, 'cg_type': 'FR', 'lam': 2.0, 'a': 1.00000001, 'm': 0.001}",78,9.535645961761475,0.017648058850078474,0.9944166666666666,0.1132767579543703,0.9767,0.976650926237799,0.9762426311205907,0.9764031304690229,0.9741095903550413,"[[ 970    1    1    1    0    1    2    1    1    2]
 [   0 1128    2    0    0    1    1    0    3    0]
 [   2    0 1015    4    2    0    0    6    3    0]
 [   0    0    5  991    0    5    0    4    2    3]
 [   0    1    4    0  953    0    2    2    3   17]
 [   2    0    0   22    1  856    5    1    3    2]
 [   4    2    3    1    3    8  935    0    2    0]
 [   2    7    6    3    1    2    0  998    1    8]
 [   6    1    3    6    4    5    5    2  935    7]
 [   1    2    2    4    6    2    2    3    1  986]]",0.9994464062567399,0.9960906668417715
CoBAMSGrad2_FR,"{'period': 1875, 'lr': 0.001, 'betas': (0.9, 0.999), 'eps': 1e-08, 'weight_decay': 0.0, 'amsgrad': True, 'cg_type': 'FR', 'lam': 2.0, 'a': 1.00000001, 'm': 0.001}",79,9.547438859939575,0.016329532553869798,0.9949833333333333,0.12398941120604692,0.9768,0.976660119017908,0.9765721753934071,0.9766084521563275,0.9742136964125339,"[[ 969    1    0    0    0    3    0    3    3    1]
 [   0 1128    2    0    0    0    2    0    3    0]
 [   3    3 1004    4    3    0    2    8    5    0]
 [   0    0    4  987    0    4    0    5    6    4]
 [   2    1    3    0  957    1    3    1    2   12]
 [   2    0    0    6    2  867    7    0    5    3]
 [   6    2    0    1    4    4  939    0    2    0]
 [   1    7   10    0    1    1    1 1001    1    5]
 [   2    0    3    5    1    7    2    4  946    4]
 [   2    3    0    3   11    4    2   11    3  970]]",0.999340554086168,0.9957286403722664
CoBAMSGrad2_FR,"{'period': 1875, 'lr': 0.001, 'betas': (0.9, 0.999), 'eps': 1e-08, 'weight_decay': 0.0, 'amsgrad': True, 'cg_type': 'FR', 'lam': 2.0, 'a': 1.00000001, 'm': 0.001}",80,9.394710779190063,0.01653613221615289,0.99485,0.12382189861721124,0.9781,0.9779298521343917,0.9778809380542837,0.9779003521104656,0.9756581986232619,"[[ 968    0    5    1    0    0    3    2    1    0]
 [   1 1126    0    0    1    1    2    0    4    0]
 [   1    1 1009    6    1    0    2    8    4    0]
 [   1    0    4  988    0    8    0    3    2    4]
 [   0    0    3    0  957    1    7    2    1   11]
 [   1    0    0   12    0  867    6    0    5    1]
 [   5    3    2    1    2    4  938    0    3    0]
 [   1    4    5    4    2    2    0 1003    1    6]
 [   1    0    2    4    2    3    1    3  952    6]
 [   1    5    0    3   17    3    1    2    4  973]]",0.9992829423045689,0.9956606436160229
CoBAMSGrad2_FR,"{'period': 1875, 'lr': 0.001, 'betas': (0.9, 0.999), 'eps': 1e-08, 'weight_decay': 0.0, 'amsgrad': True, 'cg_type': 'FR', 'lam': 2.0, 'a': 1.00000001, 'm': 0.001}",81,9.413735389709473,0.01534420657899938,0.9952666666666666,0.1255780992708518,0.9779,0.9777332004426628,0.9776230380003861,0.9776572121880636,0.9754394902186492,"[[ 967    0    2    0    2    2    2    3    1    1]
 [   0 1128    2    1    0    1    2    0    1    0]
 [   1    0 1016    4    1    0    3    6    1    0]
 [   0    0    6  983    0    4    0    6    6    5]
 [   0    0    7    0  962    0    2    1    3    7]
 [   3    0    0    7    1  868    3    1    8    1]
 [   2    2    1    1    5    5  938    0    4    0]
 [   1    0   10    2    2    1    0 1005    2    5]
 [   3    1    6    4    2    7    3    4  940    4]
 [   0    3    2    1   20    3    0    5    3  972]]",0.9992705976246586,0.9951664170561833
CoBAMSGrad2_FR,"{'period': 1875, 'lr': 0.001, 'betas': (0.9, 0.999), 'eps': 1e-08, 'weight_decay': 0.0, 'amsgrad': True, 'cg_type': 'FR', 'lam': 2.0, 'a': 1.00000001, 'm': 0.001}",82,9.577128887176514,0.01620027758473572,0.9950666666666667,0.12639816217709463,0.9762,0.9760017999281446,0.9759866846779971,0.9759596052481113,0.9735524751183993,"[[ 973    0    0    0    0    2    3    0    0    2]
 [   0 1128    1    1    0    1    2    1    1    0]
 [   1    2 1006    6    2    0    0    9    6    0]
 [   0    0    7  987    0    8    0    1    2    5]
 [   1    0    2    1  945    0    5    3    2   23]
 [   3    0    0    3    0  875    4    2    3    2]
 [   4    2    1    1    5    7  936    0    2    0]
 [   0    3    4    4    0    0    0 1005    1   11]
 [   8    1    6    4    3    9    2    4  933    4]
 [   2    4    0    6   10    5    1    4    3  974]]",0.9993691661146814,0.9955197703025321
CoBAMSGrad2_FR,"{'period': 1875, 'lr': 0.001, 'betas': (0.9, 0.999), 'eps': 1e-08, 'weight_decay': 0.0, 'amsgrad': True, 'cg_type': 'FR', 'lam': 2.0, 'a': 1.00000001, 'm': 0.001}",83,9.458307266235352,0.01604177759334907,0.9949666666666667,0.11528842368458479,0.9764,0.9763180724965419,0.9761309057317463,0.9761844433384688,0.9737759584381972,"[[ 974    1    0    0    0    0    2    0    1    2]
 [   1 1125    1    2    0    2    1    1    2    0]
 [   6    2 1001    8    2    0    0    9    4    0]
 [   0    1    5  994    0    4    0    2    1    3]
 [   0    0    6    0  963    0    1    2    0   10]
 [   1    0    0   13    0  862    4    3    8    1]
 [   5    4    1    0    4    7  935    0    2    0]
 [   0    2    7    3    4    1    0 1005    1    5]
 [   3    1    3    7    4    6    1    4  940    5]
 [   2    3    1    5   21    4    2    4    2  965]]",0.9994394123011123,0.9959786332276719
CoBAMSGrad2_FR,"{'period': 1875, 'lr': 0.001, 'betas': (0.9, 0.999), 'eps': 1e-08, 'weight_decay': 0.0, 'amsgrad': True, 'cg_type': 'FR', 'lam': 2.0, 'a': 1.00000001, 'm': 0.001}",84,9.449963331222534,0.01798270333786788,0.9943333333333333,0.14046554497086394,0.9759,0.9758918529411155,0.9755087631734692,0.9756528958225079,0.9732211188018297,"[[ 968    0    1    1    1    1    4    2    1    1]
 [   1 1124    0    2    1    1    2    1    3    0]
 [   1    1 1014    3    1    1    0    7    3    1]
 [   0    0    5  992    0    3    0    6    2    2]
 [   0    0    2    0  958    0    5    6    0   11]
 [   2    0    0   20    0  857    4    0    2    7]
 [   6    3    0    0    4    6  938    0    1    0]
 [   0    3    5    1    2    1    0 1009    2    5]
 [   3    2    4   11    5    3    3    2  934    7]
 [   1    2    0    9   18    1    0    7    6  965]]",0.9992159047847565,0.9949841817322399
CoBAMSGrad2_FR,"{'period': 1875, 'lr': 0.001, 'betas': (0.9, 0.999), 'eps': 1e-08, 'weight_decay': 0.0, 'amsgrad': True, 'cg_type': 'FR', 'lam': 2.0, 'a': 1.00000001, 'm': 0.001}",85,9.407132387161255,0.017745324237927615,0.9945,0.13093593331886816,0.9765,0.9764258379989416,0.9762142175832891,0.9762896552978308,0.9738848664008692,"[[ 968    1    1    2    1    0    2    2    2    1]
 [   0 1125    1    1    1    1    2    0    4    0]
 [   3    2 1006    7    1    1    2    5    5    0]
 [   0    0    3  994    0    7    0    1    1    4]
 [   2    2    2    0  957    0    5    3    1   10]
 [   2    0    1   13    1  861    9    0    1    4]
 [   3    4    1    1    2    3  944    0    0    0]
 [   1    5    9    2    1    0    0 1004    1    5]
 [   2    1    2   10    4    5    3    2  938    7]
 [   1    2    3    4   16    4    1    5    5  968]]",0.9992468591269423,0.995385638126787
CoBAMSGrad2_FR,"{'period': 1875, 'lr': 0.001, 'betas': (0.9, 0.999), 'eps': 1e-08, 'weight_decay': 0.0, 'amsgrad': True, 'cg_type': 'FR', 'lam': 2.0, 'a': 1.00000001, 'm': 0.001}",86,9.39283800125122,0.014989445309538234,0.99545,0.13555752471284474,0.9772,0.976980312320548,0.9767871368144947,0.9768617302949784,0.9746611627683012,"[[ 970    1    2    0    0    2    3    1    1    0]
 [   0 1127    2    1    0    1    1    1    2    0]
 [   0    1 1020    0    1    0    3    4    2    1]
 [   0    0    5  991    0    8    0    3    2    1]
 [   1    1    4    0  955    1    4    2    2   12]
 [   4    0    0    9    1  861    5    0    5    7]
 [   6    4    0    0    4    9  933    0    2    0]
 [   0    6    9    1    2    0    0 1002    2    6]
 [   5    1    3    6    3    8    3    3  934    8]
 [   3    3    2    3   10    3    0    2    4  979]]",0.999207931855658,0.9955863977417911
CoBAMSGrad2_FR,"{'period': 1875, 'lr': 0.001, 'betas': (0.9, 0.999), 'eps': 1e-08, 'weight_decay': 0.0, 'amsgrad': True, 'cg_type': 'FR', 'lam': 2.0, 'a': 1.00000001, 'm': 0.001}",87,9.617000579833984,0.015961802094321652,0.9948333333333333,0.13106201102378645,0.9781,0.9779429852729455,0.9778565803391068,0.9778669278065516,0.9756644313247331,"[[ 970    1    0    0    0    1    3    2    2    1]
 [   0 1124    2    3    1    1    1    1    2    0]
 [   4    4 1005    5    2    1    1    6    4    0]
 [   0    0    0  997    0    4    0    3    4    2]
 [   1    1    1    0  962    0    4    3    1    9]
 [   2    0    0   12    2  866    2    1    7    0]
 [   3    4    0    0    4    9  935    0    3    0]
 [   1    0    6    2    1    1    0 1012    2    3]
 [   3    1    3    3    5    4    3    3  944    5]
 [   2    5    1    5   18    4    1    4    3  966]]",0.9992345405983201,0.9948738969467115
CoBAMSGrad2_FR,"{'period': 1875, 'lr': 0.001, 'betas': (0.9, 0.999), 'eps': 1e-08, 'weight_decay': 0.0, 'amsgrad': True, 'cg_type': 'FR', 'lam': 2.0, 'a': 1.00000001, 'm': 0.001}",88,9.600993871688843,0.015972868034368908,0.9953166666666666,0.13336456714381442,0.976,0.9758909490410046,0.9757643787604666,0.9758045732839451,0.9733276298317869,"[[ 968    1    1    1    0    0    3    3    2    1]
 [   1 1128    0    2    0    0    2    1    1    0]
 [   2    0 1005    8    2    0    6    8    1    0]
 [   0    0    5  986    0   10    0    4    1    4]
 [   1    1    4    0  954    0    5    1    1   15]
 [   2    0    0    8    0  868    5    1    4    4]
 [   1    3    3    0    4    3  943    0    1    0]
 [   0    2    7    5    2    0    0 1005    1    6]
 [   4    1    5    5    6    5    3    3  938    4]
 [   1    5    1   11   12    6    0    5    3  965]]",0.9992239671084453,0.9950754593779105
CoBAMSGrad2_FR,"{'period': 1875, 'lr': 0.001, 'betas': (0.9, 0.999), 'eps': 1e-08, 'weight_decay': 0.0, 'amsgrad': True, 'cg_type': 'FR', 'lam': 2.0, 'a': 1.00000001, 'm': 0.001}",89,9.69168496131897,0.01651020903245171,0.9948166666666667,0.12657440992374458,0.977,0.9767961226942911,0.9766062090375602,0.9766700285007485,0.9744406954327552,"[[ 969    1    0    1    1    0    3    4    1    0]
 [   0 1127    1    1    0    1    2    0    3    0]
 [   2    0 1015    3    2    1    1    5    3    0]
 [   0    0    6  987    0    6    0    3    4    4]
 [   0    0    7    0  965    0    2    1    0    7]
 [   5    1    0   13    1  860    3    0    6    3]
 [   7    3    1    0    8    7  931    0    1    0]
 [   1    3    5    2    2    0    0 1007    1    7]
 [   7    1    2    5    5    8    1    4  938    3]
 [   4    4    0    4   14    5    1    5    1  971]]",0.999312470069933,0.9954271610312905
CoBAMSGrad2_FR,"{'period': 1875, 'lr': 0.001, 'betas': (0.9, 0.999), 'eps': 1e-08, 'weight_decay': 0.0, 'amsgrad': True, 'cg_type': 'FR', 'lam': 2.0, 'a': 1.00000001, 'm': 0.001}",90,9.488499641418457,0.01530563559447919,0.99515,0.12433844136594246,0.9781,0.9779568854911199,0.977863170252671,0.9778962317565716,0.9756600000487159,"[[ 969    1    0    3    0    0    3    1    1    2]
 [   0 1126    3    1    1    2    2    0    0    0]
 [   4    0 1010    6    1    0    2    5    4    0]
 [   0    0    2  989    0   10    0    3    4    2]
 [   1    1    4    0  958    0    4    2    1   11]
 [   2    1    0    7    0  868    3    1    6    4]
 [   6    2    1    1    3    3  940    0    2    0]
 [   1    3   10    2    1    1    0 1006    1    3]
 [   3    3    8    7    4    5    0    3  941    0]
 [   3    4    1    3   11    5    1    4    3  974]]",0.9993180472842221,0.9953079317587601
CoBAMSGrad2_FR,"{'period': 1875, 'lr': 0.001, 'betas': (0.9, 0.999), 'eps': 1e-08, 'weight_decay': 0.0, 'amsgrad': True, 'cg_type': 'FR', 'lam': 2.0, 'a': 1.00000001, 'm': 0.001}",91,9.383957386016846,0.017658975154128186,0.9943166666666666,0.13007567864492392,0.9766,0.9762767847813898,0.9764933671208208,0.9763700919801593,0.9739934596497548,"[[ 970    1    1    1    0    3    1    1    1    1]
 [   0 1122    1    2    0    3    2    1    3    1]
 [   1    0 1012    3    2    0    2    7    5    0]
 [   0    0    2  984    0   16    0    5    2    1]
 [   1    1    3    0  960    0    2    0    2   13]
 [   2    0    0    4    1  872    5    0    6    2]
 [   2    3    1    0    3    4  942    0    3    0]
 [   2    2    9    4    1    1    0  997    3    9]
 [   3    1    5    5    4    7    2    3  938    6]
 [   1    2    0    9   12    5    0    8    3  969]]",0.999275822600187,0.9955451250366748
CoBAMSGrad2_FR,"{'period': 1875, 'lr': 0.001, 'betas': (0.9, 0.999), 'eps': 1e-08, 'weight_decay': 0.0, 'amsgrad': True, 'cg_type': 'FR', 'lam': 2.0, 'a': 1.00000001, 'm': 0.001}",92,9.408508062362671,0.015492213762673592,0.9951666666666666,0.12404304892238749,0.9781,0.9780425997576442,0.9778203031097691,0.9779211542103263,0.9756586523597807,"[[ 970    1    1    2    0    1    2    2    1    0]
 [   0 1126    4    1    0    0    0    1    3    0]
 [   2    2 1011    3    1    0    2    5    6    0]
 [   0    0    3  988    0    7    0    5    3    4]
 [   2    1    1    0  958    0    4    2    3   11]
 [   2    1    0    9    1  863    4    0    7    5]
 [   3    2    1    1    1    4  944    0    2    0]
 [   3    4    5    2    2    0    0 1002    2    8]
 [   4    0    5    9    4    2    1    7  939    3]
 [   2    3    1    3   10    2    2    3    3  980]]",0.9993219162258423,0.9956575944763836
CoBAMSGrad2_FR,"{'period': 1875, 'lr': 0.001, 'betas': (0.9, 0.999), 'eps': 1e-08, 'weight_decay': 0.0, 'amsgrad': True, 'cg_type': 'FR', 'lam': 2.0, 'a': 1.00000001, 'm': 0.001}",93,9.471771955490112,0.013904460348531909,0.9955333333333334,0.11908762757458247,0.9776,0.9774514878039398,0.9774059128809224,0.9774171025844849,0.9751039906955051,"[[ 971    1    1    1    1    1    4    0    0    0]
 [   0 1127    1    2    0    1    0    0    4    0]
 [   2    3 1001    8    1    1    3    9    4    0]
 [   0    0    2  990    0   11    0    2    5    0]
 [   2    2    3    0  958    0    3    3    1   10]
 [   2    3    0    8    0  868    3    2    3    3]
 [   4    3    1    0    4    6  938    1    1    0]
 [   2    2    7    5    2    1    0  999    1    9]
 [   1    2    3    4    3    2    5    3  947    4]
 [   2    2    0    3   10    4    1    5    5  977]]",0.9993604884935909,0.9953120833448506
CoBAMSGrad2_FR,"{'period': 1875, 'lr': 0.001, 'betas': (0.9, 0.999), 'eps': 1e-08, 'weight_decay': 0.0, 'amsgrad': True, 'cg_type': 'FR', 'lam': 2.0, 'a': 1.00000001, 'm': 0.001}",94,9.55613398551941,0.01351851098649242,0.99595,0.1316564618394281,0.9769,0.9766315269038526,0.9766771344080298,0.9766459574668434,0.9743254293139422,"[[ 967    0    3    1    1    1    2    3    1    1]
 [   1 1122    2    1    1    2    2    1    3    0]
 [   3    1 1012    2    1    1    2    8    2    0]
 [   0    0    4  983    0    9    0    5    4    5]
 [   0    1    4    0  957    0    5    3    0   12]
 [   2    0    1    7    0  868    6    1    4    3]
 [   6    2    1    0    4    5  936    0    4    0]
 [   0    0    9    0    0    1    0 1008    3    7]
 [   3    0    3    8    4    6    3    3  940    4]
 [   2    2    2    4   14    3    1    3    2  976]]",0.9992901347259575,0.9949202494379898
CoBAMSGrad2_FR,"{'period': 1875, 'lr': 0.001, 'betas': (0.9, 0.999), 'eps': 1e-08, 'weight_decay': 0.0, 'amsgrad': True, 'cg_type': 'FR', 'lam': 2.0, 'a': 1.00000001, 'm': 0.001}",95,9.515305519104004,0.015632078770045497,0.99515,0.13069222953846824,0.9767,0.9767080032142832,0.9762960628679359,0.9764515330704431,0.9741111303227902,"[[ 970    1    1    1    2    2    2    1    0    0]
 [   0 1125    3    3    0    1    0    0    3    0]
 [   4    1 1010    6    1    0    1    5    4    0]
 [   0    0    6  990    0    6    0    3    2    3]
 [   2    1    3    0  963    0    3    2    1    7]
 [   2    1    0   24    1  850    4    1    6    3]
 [   2    2    1    1    2    5  942    0    3    0]
 [   0    3    8    7    2    0    0  999    3    6]
 [   3    1    4    7    4    2    2    3  942    6]
 [   3    3    0    6    9    4    2    2    4  976]]",0.9993294211552101,0.9955130897809908
CoBAMSGrad2_FR,"{'period': 1875, 'lr': 0.001, 'betas': (0.9, 0.999), 'eps': 1e-08, 'weight_decay': 0.0, 'amsgrad': True, 'cg_type': 'FR', 'lam': 2.0, 'a': 1.00000001, 'm': 0.001}",96,9.647377967834473,0.01379074587646669,0.9955333333333334,0.1440108721878982,0.9763,0.9761004621778092,0.9759611209040129,0.9760054951275388,0.9736615543685869,"[[ 969    1    2    0    1    2    1    3    0    1]
 [   0 1127    2    1    0    3    1    0    1    0]
 [   1    1 1014    3    1    0    2    6    4    0]
 [   0    0    7  986    0    7    0    3    5    2]
 [   1    0    1    1  960    0    5    2    2   10]
 [   4    0    0   11    2  860    3    2    7    3]
 [   7    2    0    0    4    4  941    0    0    0]
 [   0    3    8    4    3    0    0 1005    2    3]
 [   5    2    3    8    5    3    2    3  939    4]
 [   3    4    1    3   18    5    1    3    9  962]]",0.9990877471250542,0.9948606117777473
CoBAMSGrad2_FR,"{'period': 1875, 'lr': 0.001, 'betas': (0.9, 0.999), 'eps': 1e-08, 'weight_decay': 0.0, 'amsgrad': True, 'cg_type': 'FR', 'lam': 2.0, 'a': 1.00000001, 'm': 0.001}",97,9.51443886756897,0.01675763678073534,0.9952333333333333,0.11515554126089032,0.9795,0.9794511770824054,0.9792822507057556,0.9793395530407926,0.9772187395077383,"[[ 970    1    0    0    2    1    1    2    2    1]
 [   0 1124    1    0    0    1    1    1    7    0]
 [   3    3 1009    3    2    0    1    3    8    0]
 [   1    0    5  993    0    2    0    2    4    3]
 [   1    1    1    0  966    0    3    2    0    8]
 [   1    0    0   12    1  863    5    0    6    4]
 [   4    3    0    1    2    5  941    0    2    0]
 [   1    3    7    2    2    0    0 1006    2    5]
 [   2    1    2    2    5    1    2    4  953    2]
 [   2    3    0    3   16    4    1    5    5  970]]",0.999393973469292,0.9963126911440945
CoBAMSGrad2_FR,"{'period': 1875, 'lr': 0.001, 'betas': (0.9, 0.999), 'eps': 1e-08, 'weight_decay': 0.0, 'amsgrad': True, 'cg_type': 'FR', 'lam': 2.0, 'a': 1.00000001, 'm': 0.001}",98,9.43979263305664,0.014600388135638284,0.9953833333333333,0.12426219042583395,0.9769,0.976723793220789,0.9766729588083809,0.976685018984403,0.9743261086020548,"[[ 966    1    2    0    2    1    1    4    2    1]
 [   1 1123    1    1    0    2    2    1    4    0]
 [   2    2 1015    3    1    1    0    3    5    0]
 [   0    0    7  984    0    8    0    5    3    3]
 [   1    1    2    0  960    0    7    3    0    8]
 [   2    0    1    8    1  867    4    2    5    2]
 [   6    2    0    0    6    4  940    0    0    0]
 [   2    5    6    1    3    0    0 1004    2    5]
 [   6    0    5    5    5    6    1    3  938    5]
 [   2    3    1    7   12    3    2    5    2  972]]",0.999329862944724,0.9955245426907823
CoBAMSGrad2_FR,"{'period': 1875, 'lr': 0.001, 'betas': (0.9, 0.999), 'eps': 1e-08, 'weight_decay': 0.0, 'amsgrad': True, 'cg_type': 'FR', 'lam': 2.0, 'a': 1.00000001, 'm': 0.001}",99,9.560185194015503,0.014010115613271253,0.99585,0.13725946652708929,0.9764,0.9761472862814925,0.97597823046295,0.976045473264563,0.9737707628196567,"[[ 963    1    2    0    1    1    5    4    1    2]
 [   0 1126    3    1    0    1    2    0    2    0]
 [   1    2 1013    5    2    0    1    6    2    0]
 [   0    0    2  991    0    7    0    2    3    5]
 [   0    0    3    0  950    0    8    4    3   14]
 [   3    0    0   17    0  854    5    2    7    4]
 [   2    1    0    0    1    7  945    0    2    0]
 [   0    3    6    1    1    1    0 1007    3    6]
 [   2    0    3    7    5    7    1    3  942    4]
 [   3    3    0    4   11    3    2    3    7  973]]",0.9992399673278289,0.9946072646465381
CoBAMSGrad2_FR,"{'period': 1875, 'lr': 0.001, 'betas': (0.9, 0.999), 'eps': 1e-08, 'weight_decay': 0.0, 'amsgrad': True, 'cg_type': 'FR', 'lam': 2.0, 'a': 1.00000001, 'm': 0.001}",100,9.543379068374634,0.014689749747787388,0.9957166666666667,0.1502705529726096,0.9762,0.9760218942914379,0.9760169717989182,0.9759832127865561,0.9735532211168428,"[[ 967    1    2    1    1    3    2    2    1    0]
 [   0 1126    0    1    0    2    3    1    2    0]
 [   4    0 1011    5    0    0    2    6    4    0]
 [   0    0   10  983    0    8    0    4    4    1]
 [   0    0    2    0  966    0    3    0    0   11]
 [   2    0    0    7    1  870    4    1    4    3]
 [   4    2    1    1    3    5  940    0    2    0]
 [   1    6    4    2    3    1    0 1004    1    6]
 [   5    0    5    8    3    6    1    5  939    2]
 [   4    3    2    8   21    1    2    8    4  956]]",0.9991768591412622,0.9943493607170911
