optimizer,optimizer_parameters,epoch,time,train_loss,train_accuracy,test_loss,test_accuracy
CoBAMSGrad2_HS,"{'period': 782, 'lr': 0.01, 'betas': (0.9, 0.999), 'eps': 1e-08, 'weight_decay': 0.0, 'amsgrad': True, 'cg_type': 'HS', 'lam': 2.0, 'a': 1.00000001, 'm': 0.001}",1,3.294677495956421,0.7004997504641638,0.5016,0.6927393527744371,0.50372
CoBAMSGrad2_HS,"{'period': 782, 'lr': 0.01, 'betas': (0.9, 0.999), 'eps': 1e-08, 'weight_decay': 0.0, 'amsgrad': True, 'cg_type': 'HS', 'lam': 2.0, 'a': 1.00000001, 'm': 0.001}",2,4.404475212097168,0.6654498654100901,0.55888,0.6958191657767576,0.53076
CoBAMSGrad2_HS,"{'period': 782, 'lr': 0.01, 'betas': (0.9, 0.999), 'eps': 1e-08, 'weight_decay': 0.0, 'amsgrad': True, 'cg_type': 'HS', 'lam': 2.0, 'a': 1.00000001, 'm': 0.001}",3,4.35148811340332,0.585834022982956,0.66636,0.7309252075145921,0.57804
CoBAMSGrad2_HS,"{'period': 782, 'lr': 0.01, 'betas': (0.9, 0.999), 'eps': 1e-08, 'weight_decay': 0.0, 'amsgrad': True, 'cg_type': 'HS', 'lam': 2.0, 'a': 1.00000001, 'm': 0.001}",4,4.345508813858032,0.5029073149118277,0.74004,0.7019260366783118,0.63992
CoBAMSGrad2_HS,"{'period': 782, 'lr': 0.01, 'betas': (0.9, 0.999), 'eps': 1e-08, 'weight_decay': 0.0, 'amsgrad': True, 'cg_type': 'HS', 'lam': 2.0, 'a': 1.00000001, 'm': 0.001}",5,4.338124513626099,0.424254145444659,0.7972,0.7242846703514114,0.64396
CoBAMSGrad2_HS,"{'period': 782, 'lr': 0.01, 'betas': (0.9, 0.999), 'eps': 1e-08, 'weight_decay': 0.0, 'amsgrad': True, 'cg_type': 'HS', 'lam': 2.0, 'a': 1.00000001, 'm': 0.001}",6,4.362966537475586,0.3673906222062038,0.82904,0.7140378360172062,0.66604
CoBAMSGrad2_HS,"{'period': 782, 'lr': 0.01, 'betas': (0.9, 0.999), 'eps': 1e-08, 'weight_decay': 0.0, 'amsgrad': True, 'cg_type': 'HS', 'lam': 2.0, 'a': 1.00000001, 'm': 0.001}",7,4.342274904251099,0.31097469060584104,0.86244,0.736025456215262,0.67828
CoBAMSGrad2_HS,"{'period': 782, 'lr': 0.01, 'betas': (0.9, 0.999), 'eps': 1e-08, 'weight_decay': 0.0, 'amsgrad': True, 'cg_type': 'HS', 'lam': 2.0, 'a': 1.00000001, 'm': 0.001}",8,4.338478326797485,0.26750021929021384,0.88664,0.7727379909790385,0.67572
CoBAMSGrad2_HS,"{'period': 782, 'lr': 0.01, 'betas': (0.9, 0.999), 'eps': 1e-08, 'weight_decay': 0.0, 'amsgrad': True, 'cg_type': 'HS', 'lam': 2.0, 'a': 1.00000001, 'm': 0.001}",9,4.34521484375,0.23176187289226086,0.90276,0.821877043475123,0.68736
CoBAMSGrad2_HS,"{'period': 782, 'lr': 0.01, 'betas': (0.9, 0.999), 'eps': 1e-08, 'weight_decay': 0.0, 'amsgrad': True, 'cg_type': 'HS', 'lam': 2.0, 'a': 1.00000001, 'm': 0.001}",10,4.385035276412964,0.19211394446032584,0.92104,0.872854423397185,0.68196
CoBAMSGrad2_HS,"{'period': 782, 'lr': 0.01, 'betas': (0.9, 0.999), 'eps': 1e-08, 'weight_decay': 0.0, 'amsgrad': True, 'cg_type': 'HS', 'lam': 2.0, 'a': 1.00000001, 'm': 0.001}",11,4.381725549697876,0.17246686064583414,0.92976,0.9521377001272138,0.6816
CoBAMSGrad2_HS,"{'period': 782, 'lr': 0.01, 'betas': (0.9, 0.999), 'eps': 1e-08, 'weight_decay': 0.0, 'amsgrad': True, 'cg_type': 'HS', 'lam': 2.0, 'a': 1.00000001, 'm': 0.001}",12,4.350196838378906,0.1704150252187115,0.93216,0.9310876631066013,0.69844
CoBAMSGrad2_HS,"{'period': 782, 'lr': 0.01, 'betas': (0.9, 0.999), 'eps': 1e-08, 'weight_decay': 0.0, 'amsgrad': True, 'cg_type': 'HS', 'lam': 2.0, 'a': 1.00000001, 'm': 0.001}",13,4.345186233520508,0.128056976734601,0.9494,1.004990686026528,0.68908
CoBAMSGrad2_HS,"{'period': 782, 'lr': 0.01, 'betas': (0.9, 0.999), 'eps': 1e-08, 'weight_decay': 0.0, 'amsgrad': True, 'cg_type': 'HS', 'lam': 2.0, 'a': 1.00000001, 'm': 0.001}",14,4.33069372177124,0.10649801614334631,0.958,1.064105551432618,0.69028
CoBAMSGrad2_HS,"{'period': 782, 'lr': 0.01, 'betas': (0.9, 0.999), 'eps': 1e-08, 'weight_decay': 0.0, 'amsgrad': True, 'cg_type': 'HS', 'lam': 2.0, 'a': 1.00000001, 'm': 0.001}",15,4.331121921539307,0.0952308783557771,0.96352,1.1250984734091003,0.6928
CoBAMSGrad2_HS,"{'period': 782, 'lr': 0.01, 'betas': (0.9, 0.999), 'eps': 1e-08, 'weight_decay': 0.0, 'amsgrad': True, 'cg_type': 'HS', 'lam': 2.0, 'a': 1.00000001, 'm': 0.001}",16,4.319516658782959,0.0993803469035441,0.96168,1.1866565643407194,0.68704
CoBAMSGrad2_HS,"{'period': 782, 'lr': 0.01, 'betas': (0.9, 0.999), 'eps': 1e-08, 'weight_decay': 0.0, 'amsgrad': True, 'cg_type': 'HS', 'lam': 2.0, 'a': 1.00000001, 'm': 0.001}",17,4.3359761238098145,0.09334455885390854,0.9636,1.207716312535736,0.69652
CoBAMSGrad2_HS,"{'period': 782, 'lr': 0.01, 'betas': (0.9, 0.999), 'eps': 1e-08, 'weight_decay': 0.0, 'amsgrad': True, 'cg_type': 'HS', 'lam': 2.0, 'a': 1.00000001, 'm': 0.001}",18,4.375722408294678,0.09016696502075856,0.96428,1.26202603488627,0.69852
CoBAMSGrad2_HS,"{'period': 782, 'lr': 0.01, 'betas': (0.9, 0.999), 'eps': 1e-08, 'weight_decay': 0.0, 'amsgrad': True, 'cg_type': 'HS', 'lam': 2.0, 'a': 1.00000001, 'm': 0.001}",19,4.381160736083984,0.08780062188069239,0.9662,1.2453593970050134,0.699
CoBAMSGrad2_HS,"{'period': 782, 'lr': 0.01, 'betas': (0.9, 0.999), 'eps': 1e-08, 'weight_decay': 0.0, 'amsgrad': True, 'cg_type': 'HS', 'lam': 2.0, 'a': 1.00000001, 'm': 0.001}",20,4.348096609115601,0.10587057711370766,0.9584,1.1728637515355254,0.69504
CoBAMSGrad2_HS,"{'period': 782, 'lr': 0.01, 'betas': (0.9, 0.999), 'eps': 1e-08, 'weight_decay': 0.0, 'amsgrad': True, 'cg_type': 'HS', 'lam': 2.0, 'a': 1.00000001, 'm': 0.001}",21,4.341136693954468,0.0847045265357284,0.96668,1.2179648566733845,0.70248
CoBAMSGrad2_HS,"{'period': 782, 'lr': 0.01, 'betas': (0.9, 0.999), 'eps': 1e-08, 'weight_decay': 0.0, 'amsgrad': True, 'cg_type': 'HS', 'lam': 2.0, 'a': 1.00000001, 'm': 0.001}",22,4.3460423946380615,0.0679312221339101,0.97332,1.293346326579066,0.70232
CoBAMSGrad2_HS,"{'period': 782, 'lr': 0.01, 'betas': (0.9, 0.999), 'eps': 1e-08, 'weight_decay': 0.0, 'amsgrad': True, 'cg_type': 'HS', 'lam': 2.0, 'a': 1.00000001, 'm': 0.001}",23,4.3376288414001465,0.0645584794874315,0.97552,1.2989969807283959,0.70052
CoBAMSGrad2_HS,"{'period': 782, 'lr': 0.01, 'betas': (0.9, 0.999), 'eps': 1e-08, 'weight_decay': 0.0, 'amsgrad': True, 'cg_type': 'HS', 'lam': 2.0, 'a': 1.00000001, 'm': 0.001}",24,4.332873582839966,0.052799778544883505,0.98032,1.3454201318838102,0.69936
CoBAMSGrad2_HS,"{'period': 782, 'lr': 0.01, 'betas': (0.9, 0.999), 'eps': 1e-08, 'weight_decay': 0.0, 'amsgrad': True, 'cg_type': 'HS', 'lam': 2.0, 'a': 1.00000001, 'm': 0.001}",25,4.375840902328491,0.05436021301885257,0.97912,1.4090751189443156,0.7044
CoBAMSGrad2_HS,"{'period': 782, 'lr': 0.01, 'betas': (0.9, 0.999), 'eps': 1e-08, 'weight_decay': 0.0, 'amsgrad': True, 'cg_type': 'HS', 'lam': 2.0, 'a': 1.00000001, 'm': 0.001}",26,4.331713676452637,0.05059752058889241,0.98128,1.4244720950494032,0.69944
CoBAMSGrad2_HS,"{'period': 782, 'lr': 0.01, 'betas': (0.9, 0.999), 'eps': 1e-08, 'weight_decay': 0.0, 'amsgrad': True, 'cg_type': 'HS', 'lam': 2.0, 'a': 1.00000001, 'm': 0.001}",27,4.3709211349487305,0.04795135688976042,0.9814,1.4527102337621363,0.70392
CoBAMSGrad2_HS,"{'period': 782, 'lr': 0.01, 'betas': (0.9, 0.999), 'eps': 1e-08, 'weight_decay': 0.0, 'amsgrad': True, 'cg_type': 'HS', 'lam': 2.0, 'a': 1.00000001, 'm': 0.001}",28,4.335873603820801,0.05295162458802559,0.97988,1.4803885110961201,0.7032
CoBAMSGrad2_HS,"{'period': 782, 'lr': 0.01, 'betas': (0.9, 0.999), 'eps': 1e-08, 'weight_decay': 0.0, 'amsgrad': True, 'cg_type': 'HS', 'lam': 2.0, 'a': 1.00000001, 'm': 0.001}",29,4.328534841537476,0.05190313043420577,0.9806,1.4216882266923594,0.6982
CoBAMSGrad2_HS,"{'period': 782, 'lr': 0.01, 'betas': (0.9, 0.999), 'eps': 1e-08, 'weight_decay': 0.0, 'amsgrad': True, 'cg_type': 'HS', 'lam': 2.0, 'a': 1.00000001, 'm': 0.001}",30,4.329312086105347,0.046691910107084136,0.98224,1.4777456040653731,0.70452
CoBAMSGrad2_HS,"{'period': 782, 'lr': 0.01, 'betas': (0.9, 0.999), 'eps': 1e-08, 'weight_decay': 0.0, 'amsgrad': True, 'cg_type': 'HS', 'lam': 2.0, 'a': 1.00000001, 'm': 0.001}",31,4.374487400054932,0.042467478212922495,0.98412,1.466543325454073,0.7002
CoBAMSGrad2_HS,"{'period': 782, 'lr': 0.01, 'betas': (0.9, 0.999), 'eps': 1e-08, 'weight_decay': 0.0, 'amsgrad': True, 'cg_type': 'HS', 'lam': 2.0, 'a': 1.00000001, 'm': 0.001}",32,4.339801549911499,0.03539546371941976,0.98656,1.5355991320231992,0.70376
CoBAMSGrad2_HS,"{'period': 782, 'lr': 0.01, 'betas': (0.9, 0.999), 'eps': 1e-08, 'weight_decay': 0.0, 'amsgrad': True, 'cg_type': 'HS', 'lam': 2.0, 'a': 1.00000001, 'm': 0.001}",33,4.341758489608765,0.024252470557341504,0.9924,1.6064276769566719,0.69996
CoBAMSGrad2_HS,"{'period': 782, 'lr': 0.01, 'betas': (0.9, 0.999), 'eps': 1e-08, 'weight_decay': 0.0, 'amsgrad': True, 'cg_type': 'HS', 'lam': 2.0, 'a': 1.00000001, 'm': 0.001}",34,4.339361190795898,0.018435299662171084,0.99376,1.643587449208245,0.70736
CoBAMSGrad2_HS,"{'period': 782, 'lr': 0.01, 'betas': (0.9, 0.999), 'eps': 1e-08, 'weight_decay': 0.0, 'amsgrad': True, 'cg_type': 'HS', 'lam': 2.0, 'a': 1.00000001, 'm': 0.001}",35,4.334368467330933,0.023677186041650877,0.9916,1.7325532423984973,0.71196
CoBAMSGrad2_HS,"{'period': 782, 'lr': 0.01, 'betas': (0.9, 0.999), 'eps': 1e-08, 'weight_decay': 0.0, 'amsgrad': True, 'cg_type': 'HS', 'lam': 2.0, 'a': 1.00000001, 'm': 0.001}",36,4.33212947845459,0.026580466732049012,0.99104,1.633135682291082,0.71072
CoBAMSGrad2_HS,"{'period': 782, 'lr': 0.01, 'betas': (0.9, 0.999), 'eps': 1e-08, 'weight_decay': 0.0, 'amsgrad': True, 'cg_type': 'HS', 'lam': 2.0, 'a': 1.00000001, 'm': 0.001}",37,4.333194971084595,0.02345532604874007,0.9916,1.7025856475352936,0.7152
CoBAMSGrad2_HS,"{'period': 782, 'lr': 0.01, 'betas': (0.9, 0.999), 'eps': 1e-08, 'weight_decay': 0.0, 'amsgrad': True, 'cg_type': 'HS', 'lam': 2.0, 'a': 1.00000001, 'm': 0.001}",38,4.33503270149231,0.015933212283958532,0.99448,1.7383986352168768,0.70932
CoBAMSGrad2_HS,"{'period': 782, 'lr': 0.01, 'betas': (0.9, 0.999), 'eps': 1e-08, 'weight_decay': 0.0, 'amsgrad': True, 'cg_type': 'HS', 'lam': 2.0, 'a': 1.00000001, 'm': 0.001}",39,4.342013835906982,0.017722726971156063,0.99376,1.760830427546178,0.7116
CoBAMSGrad2_HS,"{'period': 782, 'lr': 0.01, 'betas': (0.9, 0.999), 'eps': 1e-08, 'weight_decay': 0.0, 'amsgrad': True, 'cg_type': 'HS', 'lam': 2.0, 'a': 1.00000001, 'm': 0.001}",40,4.431107997894287,0.01579444567560922,0.99484,1.786217887402343,0.71128
CoBAMSGrad2_HS,"{'period': 782, 'lr': 0.01, 'betas': (0.9, 0.999), 'eps': 1e-08, 'weight_decay': 0.0, 'amsgrad': True, 'cg_type': 'HS', 'lam': 2.0, 'a': 1.00000001, 'm': 0.001}",41,4.427099704742432,0.015171828383640588,0.99444,1.8417129155315097,0.711
CoBAMSGrad2_HS,"{'period': 782, 'lr': 0.01, 'betas': (0.9, 0.999), 'eps': 1e-08, 'weight_decay': 0.0, 'amsgrad': True, 'cg_type': 'HS', 'lam': 2.0, 'a': 1.00000001, 'm': 0.001}",42,4.427775144577026,0.016469677593769674,0.99464,1.8443215859439366,0.71164
CoBAMSGrad2_HS,"{'period': 782, 'lr': 0.01, 'betas': (0.9, 0.999), 'eps': 1e-08, 'weight_decay': 0.0, 'amsgrad': True, 'cg_type': 'HS', 'lam': 2.0, 'a': 1.00000001, 'm': 0.001}",43,4.415199518203735,0.016039343446807186,0.99452,1.775625148659472,0.71016
CoBAMSGrad2_HS,"{'period': 782, 'lr': 0.01, 'betas': (0.9, 0.999), 'eps': 1e-08, 'weight_decay': 0.0, 'amsgrad': True, 'cg_type': 'HS', 'lam': 2.0, 'a': 1.00000001, 'm': 0.001}",44,4.371133327484131,0.019324805916195006,0.99308,1.8244276648134832,0.71644
CoBAMSGrad2_HS,"{'period': 782, 'lr': 0.01, 'betas': (0.9, 0.999), 'eps': 1e-08, 'weight_decay': 0.0, 'amsgrad': True, 'cg_type': 'HS', 'lam': 2.0, 'a': 1.00000001, 'm': 0.001}",45,4.40817403793335,0.0200477840021484,0.993,1.8282156018802271,0.70964
CoBAMSGrad2_HS,"{'period': 782, 'lr': 0.01, 'betas': (0.9, 0.999), 'eps': 1e-08, 'weight_decay': 0.0, 'amsgrad': True, 'cg_type': 'HS', 'lam': 2.0, 'a': 1.00000001, 'm': 0.001}",46,4.375746726989746,0.021102650057351905,0.99324,1.8338065613871035,0.712
CoBAMSGrad2_HS,"{'period': 782, 'lr': 0.01, 'betas': (0.9, 0.999), 'eps': 1e-08, 'weight_decay': 0.0, 'amsgrad': True, 'cg_type': 'HS', 'lam': 2.0, 'a': 1.00000001, 'm': 0.001}",47,4.37050724029541,0.028497269580020423,0.98948,1.7283389488106493,0.7082
CoBAMSGrad2_HS,"{'period': 782, 'lr': 0.01, 'betas': (0.9, 0.999), 'eps': 1e-08, 'weight_decay': 0.0, 'amsgrad': True, 'cg_type': 'HS', 'lam': 2.0, 'a': 1.00000001, 'm': 0.001}",48,4.3716607093811035,0.02345286209383444,0.99112,1.8470410513298592,0.71396
CoBAMSGrad2_HS,"{'period': 782, 'lr': 0.01, 'betas': (0.9, 0.999), 'eps': 1e-08, 'weight_decay': 0.0, 'amsgrad': True, 'cg_type': 'HS', 'lam': 2.0, 'a': 1.00000001, 'm': 0.001}",49,4.385298013687134,0.017931244060103282,0.99304,1.8191104353884298,0.70536
CoBAMSGrad2_HS,"{'period': 782, 'lr': 0.01, 'betas': (0.9, 0.999), 'eps': 1e-08, 'weight_decay': 0.0, 'amsgrad': True, 'cg_type': 'HS', 'lam': 2.0, 'a': 1.00000001, 'm': 0.001}",50,4.376412868499756,0.018927623040463817,0.99292,1.864363535533628,0.71768
CoBAMSGrad2_HS,"{'period': 782, 'lr': 0.01, 'betas': (0.9, 0.999), 'eps': 1e-08, 'weight_decay': 0.0, 'amsgrad': True, 'cg_type': 'HS', 'lam': 2.0, 'a': 1.00000001, 'm': 0.001}",51,4.375403165817261,0.015975696211455233,0.99464,1.8981776971874944,0.71304
CoBAMSGrad2_HS,"{'period': 782, 'lr': 0.01, 'betas': (0.9, 0.999), 'eps': 1e-08, 'weight_decay': 0.0, 'amsgrad': True, 'cg_type': 'HS', 'lam': 2.0, 'a': 1.00000001, 'm': 0.001}",52,4.3886613845825195,0.013619040839576973,0.99504,1.9023110725919303,0.71108
CoBAMSGrad2_HS,"{'period': 782, 'lr': 0.01, 'betas': (0.9, 0.999), 'eps': 1e-08, 'weight_decay': 0.0, 'amsgrad': True, 'cg_type': 'HS', 'lam': 2.0, 'a': 1.00000001, 'm': 0.001}",53,4.337001323699951,0.013799655451638061,0.99556,1.8460449337806848,0.70748
CoBAMSGrad2_HS,"{'period': 782, 'lr': 0.01, 'betas': (0.9, 0.999), 'eps': 1e-08, 'weight_decay': 0.0, 'amsgrad': True, 'cg_type': 'HS', 'lam': 2.0, 'a': 1.00000001, 'm': 0.001}",54,4.337738990783691,0.011547369301871835,0.9958,1.967595001049054,0.70996
CoBAMSGrad2_HS,"{'period': 782, 'lr': 0.01, 'betas': (0.9, 0.999), 'eps': 1e-08, 'weight_decay': 0.0, 'amsgrad': True, 'cg_type': 'HS', 'lam': 2.0, 'a': 1.00000001, 'm': 0.001}",55,4.335624933242798,0.013720130253809621,0.995,1.9678059796161969,0.71476
CoBAMSGrad2_HS,"{'period': 782, 'lr': 0.01, 'betas': (0.9, 0.999), 'eps': 1e-08, 'weight_decay': 0.0, 'amsgrad': True, 'cg_type': 'HS', 'lam': 2.0, 'a': 1.00000001, 'm': 0.001}",56,4.339179992675781,0.016479345809049677,0.99428,1.9235576233061988,0.71328
CoBAMSGrad2_HS,"{'period': 782, 'lr': 0.01, 'betas': (0.9, 0.999), 'eps': 1e-08, 'weight_decay': 0.0, 'amsgrad': True, 'cg_type': 'HS', 'lam': 2.0, 'a': 1.00000001, 'm': 0.001}",57,4.337235450744629,0.02065734453074297,0.99252,2.0057741933599913,0.71452
CoBAMSGrad2_HS,"{'period': 782, 'lr': 0.01, 'betas': (0.9, 0.999), 'eps': 1e-08, 'weight_decay': 0.0, 'amsgrad': True, 'cg_type': 'HS', 'lam': 2.0, 'a': 1.00000001, 'm': 0.001}",58,4.33721661567688,0.02264584188357249,0.99196,1.9070496721493313,0.71532
CoBAMSGrad2_HS,"{'period': 782, 'lr': 0.01, 'betas': (0.9, 0.999), 'eps': 1e-08, 'weight_decay': 0.0, 'amsgrad': True, 'cg_type': 'HS', 'lam': 2.0, 'a': 1.00000001, 'm': 0.001}",59,4.333019733428955,0.021159214163709316,0.99308,1.8904447465029823,0.71076
CoBAMSGrad2_HS,"{'period': 782, 'lr': 0.01, 'betas': (0.9, 0.999), 'eps': 1e-08, 'weight_decay': 0.0, 'amsgrad': True, 'cg_type': 'HS', 'lam': 2.0, 'a': 1.00000001, 'm': 0.001}",60,4.347886562347412,0.019348662738526246,0.99268,1.8827909143532024,0.7054
CoBAMSGrad2_HS,"{'period': 782, 'lr': 0.01, 'betas': (0.9, 0.999), 'eps': 1e-08, 'weight_decay': 0.0, 'amsgrad': True, 'cg_type': 'HS', 'lam': 2.0, 'a': 1.00000001, 'm': 0.001}",61,4.355329751968384,0.019136131836494128,0.99368,1.990593804041748,0.71052
CoBAMSGrad2_HS,"{'period': 782, 'lr': 0.01, 'betas': (0.9, 0.999), 'eps': 1e-08, 'weight_decay': 0.0, 'amsgrad': True, 'cg_type': 'HS', 'lam': 2.0, 'a': 1.00000001, 'm': 0.001}",62,4.428680896759033,0.017744512270840056,0.99344,2.002559418301753,0.71128
CoBAMSGrad2_HS,"{'period': 782, 'lr': 0.01, 'betas': (0.9, 0.999), 'eps': 1e-08, 'weight_decay': 0.0, 'amsgrad': True, 'cg_type': 'HS', 'lam': 2.0, 'a': 1.00000001, 'm': 0.001}",63,4.395191192626953,0.016748156224200225,0.9936,1.9579456676074,0.70684
CoBAMSGrad2_HS,"{'period': 782, 'lr': 0.01, 'betas': (0.9, 0.999), 'eps': 1e-08, 'weight_decay': 0.0, 'amsgrad': True, 'cg_type': 'HS', 'lam': 2.0, 'a': 1.00000001, 'm': 0.001}",64,4.340799570083618,0.01240903208733757,0.99612,2.0212939389030953,0.71176
CoBAMSGrad2_HS,"{'period': 782, 'lr': 0.01, 'betas': (0.9, 0.999), 'eps': 1e-08, 'weight_decay': 0.0, 'amsgrad': True, 'cg_type': 'HS', 'lam': 2.0, 'a': 1.00000001, 'm': 0.001}",65,4.336088418960571,0.011568199712973277,0.99604,2.026851226949631,0.7098
CoBAMSGrad2_HS,"{'period': 782, 'lr': 0.01, 'betas': (0.9, 0.999), 'eps': 1e-08, 'weight_decay': 0.0, 'amsgrad': True, 'cg_type': 'HS', 'lam': 2.0, 'a': 1.00000001, 'm': 0.001}",66,4.331691265106201,0.01820763418760189,0.99408,2.002407765277969,0.71228
CoBAMSGrad2_HS,"{'period': 782, 'lr': 0.01, 'betas': (0.9, 0.999), 'eps': 1e-08, 'weight_decay': 0.0, 'amsgrad': True, 'cg_type': 'HS', 'lam': 2.0, 'a': 1.00000001, 'm': 0.001}",67,4.339366912841797,0.019616992186696214,0.99384,2.0335903405247593,0.71464
CoBAMSGrad2_HS,"{'period': 782, 'lr': 0.01, 'betas': (0.9, 0.999), 'eps': 1e-08, 'weight_decay': 0.0, 'amsgrad': True, 'cg_type': 'HS', 'lam': 2.0, 'a': 1.00000001, 'm': 0.001}",68,4.342116594314575,0.019895761021096713,0.99256,1.94635508609626,0.70484
CoBAMSGrad2_HS,"{'period': 782, 'lr': 0.01, 'betas': (0.9, 0.999), 'eps': 1e-08, 'weight_decay': 0.0, 'amsgrad': True, 'cg_type': 'HS', 'lam': 2.0, 'a': 1.00000001, 'm': 0.001}",69,4.342661142349243,0.028204782339791862,0.98948,1.9509346726376686,0.7064
CoBAMSGrad2_HS,"{'period': 782, 'lr': 0.01, 'betas': (0.9, 0.999), 'eps': 1e-08, 'weight_decay': 0.0, 'amsgrad': True, 'cg_type': 'HS', 'lam': 2.0, 'a': 1.00000001, 'm': 0.001}",70,4.336415767669678,0.023276661766365933,0.99108,1.957258593815062,0.70828
CoBAMSGrad2_HS,"{'period': 782, 'lr': 0.01, 'betas': (0.9, 0.999), 'eps': 1e-08, 'weight_decay': 0.0, 'amsgrad': True, 'cg_type': 'HS', 'lam': 2.0, 'a': 1.00000001, 'm': 0.001}",71,4.356741666793823,0.021268288111862016,0.99148,2.0096586488015817,0.71636
CoBAMSGrad2_HS,"{'period': 782, 'lr': 0.01, 'betas': (0.9, 0.999), 'eps': 1e-08, 'weight_decay': 0.0, 'amsgrad': True, 'cg_type': 'HS', 'lam': 2.0, 'a': 1.00000001, 'm': 0.001}",72,4.3451151847839355,0.022780771467887113,0.9918,2.0491005470761863,0.70728
CoBAMSGrad2_HS,"{'period': 782, 'lr': 0.01, 'betas': (0.9, 0.999), 'eps': 1e-08, 'weight_decay': 0.0, 'amsgrad': True, 'cg_type': 'HS', 'lam': 2.0, 'a': 1.00000001, 'm': 0.001}",73,4.329946279525757,0.015754015229646038,0.9942,2.0467517332881306,0.713
CoBAMSGrad2_HS,"{'period': 782, 'lr': 0.01, 'betas': (0.9, 0.999), 'eps': 1e-08, 'weight_decay': 0.0, 'amsgrad': True, 'cg_type': 'HS', 'lam': 2.0, 'a': 1.00000001, 'm': 0.001}",74,4.420132398605347,0.013214031840218706,0.99528,2.059211809483483,0.71136
CoBAMSGrad2_HS,"{'period': 782, 'lr': 0.01, 'betas': (0.9, 0.999), 'eps': 1e-08, 'weight_decay': 0.0, 'amsgrad': True, 'cg_type': 'HS', 'lam': 2.0, 'a': 1.00000001, 'm': 0.001}",75,4.423239707946777,0.00977347341439551,0.99648,2.084189911785028,0.71264
CoBAMSGrad2_HS,"{'period': 782, 'lr': 0.01, 'betas': (0.9, 0.999), 'eps': 1e-08, 'weight_decay': 0.0, 'amsgrad': True, 'cg_type': 'HS', 'lam': 2.0, 'a': 1.00000001, 'm': 0.001}",76,4.431720495223999,0.009784781210060722,0.99696,2.0418415970128514,0.71476
CoBAMSGrad2_HS,"{'period': 782, 'lr': 0.01, 'betas': (0.9, 0.999), 'eps': 1e-08, 'weight_decay': 0.0, 'amsgrad': True, 'cg_type': 'HS', 'lam': 2.0, 'a': 1.00000001, 'm': 0.001}",77,4.431030988693237,0.010700690924696735,0.99608,2.099652142685545,0.71576
CoBAMSGrad2_HS,"{'period': 782, 'lr': 0.01, 'betas': (0.9, 0.999), 'eps': 1e-08, 'weight_decay': 0.0, 'amsgrad': True, 'cg_type': 'HS', 'lam': 2.0, 'a': 1.00000001, 'm': 0.001}",78,4.434229135513306,0.008421067917108461,0.99708,2.1200897663145724,0.71584
CoBAMSGrad2_HS,"{'period': 782, 'lr': 0.01, 'betas': (0.9, 0.999), 'eps': 1e-08, 'weight_decay': 0.0, 'amsgrad': True, 'cg_type': 'HS', 'lam': 2.0, 'a': 1.00000001, 'm': 0.001}",79,4.430049180984497,0.010201095169105263,0.99636,2.1499486527288965,0.7134
CoBAMSGrad2_HS,"{'period': 782, 'lr': 0.01, 'betas': (0.9, 0.999), 'eps': 1e-08, 'weight_decay': 0.0, 'amsgrad': True, 'cg_type': 'HS', 'lam': 2.0, 'a': 1.00000001, 'm': 0.001}",80,4.416824817657471,0.012559956702321158,0.99604,2.134150081640467,0.71548
CoBAMSGrad2_HS,"{'period': 782, 'lr': 0.01, 'betas': (0.9, 0.999), 'eps': 1e-08, 'weight_decay': 0.0, 'amsgrad': True, 'cg_type': 'HS', 'lam': 2.0, 'a': 1.00000001, 'm': 0.001}",81,4.430487632751465,0.010569803631213875,0.99612,2.1474768990064828,0.71168
CoBAMSGrad2_HS,"{'period': 782, 'lr': 0.01, 'betas': (0.9, 0.999), 'eps': 1e-08, 'weight_decay': 0.0, 'amsgrad': True, 'cg_type': 'HS', 'lam': 2.0, 'a': 1.00000001, 'm': 0.001}",82,4.407577991485596,0.009018738611328566,0.99688,2.152558981914959,0.7142
CoBAMSGrad2_HS,"{'period': 782, 'lr': 0.01, 'betas': (0.9, 0.999), 'eps': 1e-08, 'weight_decay': 0.0, 'amsgrad': True, 'cg_type': 'HS', 'lam': 2.0, 'a': 1.00000001, 'm': 0.001}",83,4.375380516052246,0.011280900675439829,0.99596,2.154800142737968,0.7118
CoBAMSGrad2_HS,"{'period': 782, 'lr': 0.01, 'betas': (0.9, 0.999), 'eps': 1e-08, 'weight_decay': 0.0, 'amsgrad': True, 'cg_type': 'HS', 'lam': 2.0, 'a': 1.00000001, 'm': 0.001}",84,4.401026487350464,0.012702398837919807,0.99524,2.1634902755594085,0.71428
CoBAMSGrad2_HS,"{'period': 782, 'lr': 0.01, 'betas': (0.9, 0.999), 'eps': 1e-08, 'weight_decay': 0.0, 'amsgrad': True, 'cg_type': 'HS', 'lam': 2.0, 'a': 1.00000001, 'm': 0.001}",85,4.428679704666138,0.009034791299802605,0.99708,2.188669345377351,0.71272
CoBAMSGrad2_HS,"{'period': 782, 'lr': 0.01, 'betas': (0.9, 0.999), 'eps': 1e-08, 'weight_decay': 0.0, 'amsgrad': True, 'cg_type': 'HS', 'lam': 2.0, 'a': 1.00000001, 'm': 0.001}",86,4.4318506717681885,0.010346480074032485,0.99632,2.2431099094317086,0.70808
CoBAMSGrad2_HS,"{'period': 782, 'lr': 0.01, 'betas': (0.9, 0.999), 'eps': 1e-08, 'weight_decay': 0.0, 'amsgrad': True, 'cg_type': 'HS', 'lam': 2.0, 'a': 1.00000001, 'm': 0.001}",87,4.434088945388794,0.010222097186439717,0.99604,2.2068668302443935,0.71336
CoBAMSGrad2_HS,"{'period': 782, 'lr': 0.01, 'betas': (0.9, 0.999), 'eps': 1e-08, 'weight_decay': 0.0, 'amsgrad': True, 'cg_type': 'HS', 'lam': 2.0, 'a': 1.00000001, 'm': 0.001}",88,4.424469232559204,0.008614456134372122,0.99692,2.2345305051692685,0.70956
CoBAMSGrad2_HS,"{'period': 782, 'lr': 0.01, 'betas': (0.9, 0.999), 'eps': 1e-08, 'weight_decay': 0.0, 'amsgrad': True, 'cg_type': 'HS', 'lam': 2.0, 'a': 1.00000001, 'm': 0.001}",89,4.435684680938721,0.007699846531951941,0.9974,2.2086971209329715,0.71112
CoBAMSGrad2_HS,"{'period': 782, 'lr': 0.01, 'betas': (0.9, 0.999), 'eps': 1e-08, 'weight_decay': 0.0, 'amsgrad': True, 'cg_type': 'HS', 'lam': 2.0, 'a': 1.00000001, 'm': 0.001}",90,4.370972156524658,0.00797551980507045,0.99712,2.240132103948032,0.7118
CoBAMSGrad2_HS,"{'period': 782, 'lr': 0.01, 'betas': (0.9, 0.999), 'eps': 1e-08, 'weight_decay': 0.0, 'amsgrad': True, 'cg_type': 'HS', 'lam': 2.0, 'a': 1.00000001, 'm': 0.001}",91,4.373316526412964,0.008395615706954731,0.99724,2.299439372842574,0.7116
CoBAMSGrad2_HS,"{'period': 782, 'lr': 0.01, 'betas': (0.9, 0.999), 'eps': 1e-08, 'weight_decay': 0.0, 'amsgrad': True, 'cg_type': 'HS', 'lam': 2.0, 'a': 1.00000001, 'm': 0.001}",92,4.34826135635376,0.005927427487158336,0.99824,2.1823677192525484,0.7148
CoBAMSGrad2_HS,"{'period': 782, 'lr': 0.01, 'betas': (0.9, 0.999), 'eps': 1e-08, 'weight_decay': 0.0, 'amsgrad': True, 'cg_type': 'HS', 'lam': 2.0, 'a': 1.00000001, 'm': 0.001}",93,4.335692644119263,0.008358237290521526,0.99692,2.1954670679157653,0.71524
CoBAMSGrad2_HS,"{'period': 782, 'lr': 0.01, 'betas': (0.9, 0.999), 'eps': 1e-08, 'weight_decay': 0.0, 'amsgrad': True, 'cg_type': 'HS', 'lam': 2.0, 'a': 1.00000001, 'm': 0.001}",94,4.394774675369263,0.004633552165846118,0.99852,2.2680101574248517,0.71904
CoBAMSGrad2_HS,"{'period': 782, 'lr': 0.01, 'betas': (0.9, 0.999), 'eps': 1e-08, 'weight_decay': 0.0, 'amsgrad': True, 'cg_type': 'HS', 'lam': 2.0, 'a': 1.00000001, 'm': 0.001}",95,4.420912742614746,0.00446474250538185,0.99864,2.2630405878586233,0.71892
CoBAMSGrad2_HS,"{'period': 782, 'lr': 0.01, 'betas': (0.9, 0.999), 'eps': 1e-08, 'weight_decay': 0.0, 'amsgrad': True, 'cg_type': 'HS', 'lam': 2.0, 'a': 1.00000001, 'm': 0.001}",96,4.418154239654541,0.0038345689430922167,0.99904,2.2747450465970025,0.71608
CoBAMSGrad2_HS,"{'period': 782, 'lr': 0.01, 'betas': (0.9, 0.999), 'eps': 1e-08, 'weight_decay': 0.0, 'amsgrad': True, 'cg_type': 'HS', 'lam': 2.0, 'a': 1.00000001, 'm': 0.001}",97,4.427464485168457,0.003503969495513282,0.99876,2.3255863263821968,0.712
CoBAMSGrad2_HS,"{'period': 782, 'lr': 0.01, 'betas': (0.9, 0.999), 'eps': 1e-08, 'weight_decay': 0.0, 'amsgrad': True, 'cg_type': 'HS', 'lam': 2.0, 'a': 1.00000001, 'm': 0.001}",98,4.419182062149048,0.0029793808468543087,0.99916,2.351273419111586,0.718
CoBAMSGrad2_HS,"{'period': 782, 'lr': 0.01, 'betas': (0.9, 0.999), 'eps': 1e-08, 'weight_decay': 0.0, 'amsgrad': True, 'cg_type': 'HS', 'lam': 2.0, 'a': 1.00000001, 'm': 0.001}",99,4.43228816986084,0.001971624840837223,0.99948,2.375551513603429,0.71652
CoBAMSGrad2_HS,"{'period': 782, 'lr': 0.01, 'betas': (0.9, 0.999), 'eps': 1e-08, 'weight_decay': 0.0, 'amsgrad': True, 'cg_type': 'HS', 'lam': 2.0, 'a': 1.00000001, 'm': 0.001}",100,4.433753490447998,0.003962771176528644,0.9986,2.401666218829353,0.72004
